,code,comments,detailId,inArea,location,name,nature,newNTC,outArea,reason,status,type,unavailabilityEnd,unavailabilityStart
0,10T-BE-FR-00007U,No comments,5bab8cd6623a7295d9775ace,BZN|FR,MONCEAU (B) - CHOOZ (FR) 220.48,CHOOZ220  48 MONCE,Planned,650 (VARY),BZN|BE,Foreseen Maintenance,Active,AC Link,28.06.2019 17:00,15.10.2018 07:00
1,10T-BE-FR-00007U,No comments,5bab8cb4623a7295d9775a58,BZN|BE,MONCEAU (B) - CHOOZ (FR) 220.48,CHOOZ220  48 MONCE,Planned,2000 (VARY),BZN|FR,Foreseen Maintenance,Active,AC Link,28.06.2019 17:00,15.10.2018 07:00
2,10T-BE-FR-00007U,No comments,5bab8c3ce32fa635b17c892e,BZN|FR,MONCEAU (B) - CHOOZ (FR) 220.48,CHOOZ220  48 MONCE,Planned,650 (VARY),BZN|BE,Foreseen Maintenance,Active,AC Link,18.01.2019 17:00,15.10.2018 07:00
3,10T-BE-FR-00007U,No comments,5bab8c3c66a5b702afdf2603,BZN|BE,MONCEAU (B) - CHOOZ (FR) 220.48,CHOOZ220  48 MONCE,Planned,2000 (VARY),BZN|FR,Foreseen Maintenance,Active,AC Link,18.01.2019 17:00,15.10.2018 07:00
4,10T-BE-FR-00007U,No comments,5bab8c7e66a5b702afdf26d2,BZN|DE-AT-LU,MONCEAU (B) - CHOOZ (FR) 220.48,CHOOZ220  48 MONCE,Planned,1500 (VARY),BZN|FR,Foreseen Maintenance,Active,AC Link,28.06.2019 17:00,15.10.2018 07:30
5,10T-BE-FR-00007U,No comments,5bab8c78623a7295d97759a8,BZN|FR,MONCEAU (B) - CHOOZ (FR) 220.48,CHOOZ220  48 MONCE,Planned,1200 (VARY),BZN|DE-AT-LU,Foreseen Maintenance,Active,AC Link,28.06.2019 17:00,15.10.2018 07:30
6,10T-BE-FR-00007U,No comments,5bab8c2066a5b702afdf258e,BZN|FR,MONCEAU (B) - CHOOZ (FR) 220.48,CHOOZ220  48 MONCE,Planned,1200 (VARY),BZN|DE-AT-LU,Foreseen Maintenance,Active,AC Link,18.01.2019 17:00,15.10.2018 07:30
7,10T-BE-FR-00007U,No comments,5bab8c0166a5b702afdf2549,BZN|DE-AT-LU,MONCEAU (B) - CHOOZ (FR) 220.48,CHOOZ220  48 MONCE,Planned,1500 (VARY),BZN|FR,Foreseen Maintenance,Active,AC Link,18.01.2019 17:00,15.10.2018 07:30
8,12T-0000000118-B,No comments,5c1737383991bd890ba642bd,BZN|FR,220 kV Foretaille-Verbois 2,2FRTL-VERB_2-IL,Planned,0,BZN|CH,Foreseen Maintenance,Active,AC Link,14.01.2019 17:00,14.01.2019 07:00
9,12T-0000000118-B,No comments,5c173764e32fa699b3ac476a,BZN|CH,220 kV Foretaille-Verbois 2,2FRTL-VERB_2-IL,Planned,-100,BZN|FR,Foreseen Maintenance,Active,AC Link,14.01.2019 17:00,14.01.2019 07:00
10,10T-ES-FR-00004V,No comments,5c373b64623a721814814f4b,BZN|ES,cross-zonal,Hernani-Argia,Planned,2600,BZN|FR,Foreseen Maintenance,Active,AC Link,14.01.2019 09:00,14.01.2019 08:00
11,10T-ES-FR-00004V,No comments,5c373baf623a721814814fcf,BZN|FR,cross-zonal,Hernani-Argia,Planned,2000,BZN|ES,Foreseen Maintenance,Active,AC Link,14.01.2019 09:00,14.01.2019 08:00
12,No Affected Assets,Outaged line due to maintenance work,5c3741a93991bdd23b3bb6e5,BZN|FR,No Affected Assets,No Affected Assets,Planned,2000,BZN|ES,No reasons,Active,No Affected Assets,14.01.2019 09:00,14.01.2019 08:00
13,No Affected Assets,Outaged line due to maintenance work,5c3741a93991bdd23b3bb6e6,BZN|ES,No Affected Assets,No Affected Assets,Planned,2600,BZN|FR,No reasons,Active,No Affected Assets,14.01.2019 09:00,14.01.2019 08:00
14,No Affected Assets,Outaged line due to maintenance work,5c37418de32fa63908a88f90,BZN|ES,No Affected Assets,No Affected Assets,Planned,2700 (VARY),BZN|FR,No reasons,Active,No Affected Assets,16.01.2019 18:00,14.01.2019 09:00
15,No Affected Assets,Outaged line due to maintenance work,5c37418d623a7218148158ba,BZN|FR,No Affected Assets,No Affected Assets,Planned,2100 (VARY),BZN|ES,No reasons,Active,No Affected Assets,16.01.2019 18:00,14.01.2019 09:00
16,No Affected Assets,Outaged line due to maintenance work,5c37419d66a5b765afdf4ea5,BZN|FR,No Affected Assets,No Affected Assets,Planned,2100 (VARY),BZN|ES,No reasons,Active,No Affected Assets,16.01.2019 18:00,14.01.2019 09:00
17,No Affected Assets,Outaged line due to maintenance work,5c37419d66a5b765afdf4ea8,BZN|ES,No Affected Assets,No Affected Assets,Planned,2700 (VARY),BZN|FR,No reasons,Active,No Affected Assets,16.01.2019 18:00,14.01.2019 09:00
18,10T-DE-FR-00001I,No comments,5c3cac75e32fa63908badb6d,BZN|FR,cross-zonal,Asphard-Sierentz (Wiesental Süd),Planned,0,BZN|CH,Foreseen Maintenance,Active,AC Link,13.02.2019 17:00,11.02.2019 07:00
19,10T-DE-FR-00001I,No comments,5c3caccbe32fa63908badd76,BZN|CH,cross-zonal,Asphard-Sierentz (Wiesental Süd),Planned,-100,BZN|FR,Foreseen Maintenance,Active,AC Link,13.02.2019 17:00,11.02.2019 07:00
20,12T-0000000117-E,No comments,5c3cac39623a721814892c4e,BZN|CH,220 kV Foretaille-Verbois 1,2FRTL-VERB_1-IL,Planned,-100,BZN|FR,Foreseen Maintenance,Active,AC Link,15.02.2019 17:00,14.02.2019 07:00
21,12T-0000000117-E,No comments,5c3cac7766a5b765afe73e51,BZN|FR,220 kV Foretaille-Verbois 1,2FRTL-VERB_1-IL,Planned,0,BZN|CH,Foreseen Maintenance,Active,AC Link,15.02.2019 17:00,14.02.2019 07:00
22,10T-CH-FR-00004S,No comments,5c377a8966a5b765afdfafb8,BZN|FR,Laufenburg-Sierentz,380 Laufenburg Sierentz,Planned,0,BZN|CH,Foreseen Maintenance,Active,AC Link,20.02.2019 17:00,18.02.2019 07:00
23,10T-CH-FR-00004S,No comments,5c377aade32fa63908a96865,BZN|CH,Laufenburg-Sierentz,380 Laufenburg Sierentz,Planned,-100,BZN|FR,Foreseen Maintenance,Active,AC Link,20.02.2019 17:00,18.02.2019 07:00
24,22T-BE-IN-LI0130,No comments,5bf2884b3991bd3a88a587c0,BZN|BE,ACHENE - GRAMME 380.10,ACHEN380  10 GRAMM,Planned,1800,BZN|FR,Foreseen Maintenance,Active,AC Link,20.02.2019 15:30,18.02.2019 07:30
25,22T-BE-IN-LI0130,No comments,5bf288683991bd3a88a587f5,BZN|FR,ACHENE - GRAMME 380.10,ACHEN380  10 GRAMM,Planned,600,BZN|BE,Foreseen Maintenance,Active,AC Link,20.02.2019 15:30,18.02.2019 07:30
26,10T-CH-FR-00005Q,No comments,5c376be0623a721814819f69,BZN|FR,Riddes-Cornier,220 Riddes-Cornier (Morgins Sud),Planned,0,BZN|CH,Foreseen Maintenance,Active,AC Link,05.03.2019 18:00,04.03.2019 07:00
27,10T-CH-FR-00005Q,No comments,5c376bfb66a5b765afdf998a,BZN|CH,Riddes-Cornier,220 Riddes-Cornier (Morgins Sud),Planned,-200,BZN|FR,Foreseen Maintenance,Active,AC Link,05.03.2019 18:00,04.03.2019 07:00
28,No Affected Assets,Outaged line due to maintenance work,5c374ddae32fa63908a8be92,BZN|FR,No Affected Assets,No Affected Assets,Planned,1950 (VARY),BZN|ES,No reasons,Active,No Affected Assets,15.03.2019 19:00,06.03.2019 08:00
29,No Affected Assets,Outaged line due to maintenance work,5c374ddae32fa63908a8be9c,BZN|ES,No Affected Assets,No Affected Assets,Planned,2600,BZN|FR,No reasons,Active,No Affected Assets,15.03.2019 19:00,06.03.2019 08:00
30,No Affected Assets,Outaged line due to maintenance work,5c374d1c3991bdd23b3bc62e,BZN|FR,No Affected Assets,No Affected Assets,Planned,1500 (VARY),BZN|ES,No reasons,Active,No Affected Assets,15.03.2019 19:00,07.03.2019 08:00
31,No Affected Assets,Outaged line due to maintenance work,5c374d1c623a7218148169b2,BZN|ES,No Affected Assets,No Affected Assets,Planned,2600,BZN|FR,No reasons,Active,No Affected Assets,15.03.2019 19:00,07.03.2019 08:00
32,10T-CH-FR-00008K,No comments,5c37747666a5b765afdfa6fb,BZN|CH,Verbois-Bois Tollot,380 Verbois-Bois Tollot,Planned,-200,BZN|FR,Foreseen Maintenance,Active,AC Link,11.03.2019 17:30,11.03.2019 07:30
33,10T-CH-FR-00008K,No comments,5c3774a43991bdd23b3c04fc,BZN|FR,Verbois-Bois Tollot,380 Verbois-Bois Tollot,Planned,0,BZN|CH,Foreseen Maintenance,Active,AC Link,11.03.2019 17:30,11.03.2019 07:30
34,10T-CH-FR-00007M,No comments,5c3cbba3e32fa63908bb18f3,BZN|FR,Vallorcine-Pressy,220 Vallorcine-Pressy,Planned,0,BZN|CH,Foreseen Maintenance,Active,AC Link,12.03.2019 17:00,12.03.2019 07:00
35,10T-CH-FR-00007M,No comments,5c3cbbdf3991bdd23b434715,BZN|CH,Vallorcine-Pressy,220 Vallorcine-Pressy,Planned,0,BZN|FR,Foreseen Maintenance,Active,AC Link,12.03.2019 17:00,12.03.2019 07:00
36,10T-CH-FR-00009I,No comments,5c3775713991bdd23b3c05db,BZN|CH,Verbois-Génissiat,220 Verbois-Génissiat 1,Planned,-200,BZN|FR,Foreseen Maintenance,Active,AC Link,22.03.2019 17:00,18.03.2019 07:00
37,10T-CH-FR-00009I,No comments,5c3775cd623a72181481ad60,BZN|FR,Verbois-Génissiat,220 Verbois-Génissiat 1,Planned,0,BZN|CH,Foreseen Maintenance,Active,AC Link,22.03.2019 17:00,18.03.2019 07:00
38,12T-0000000118-B,No comments,5c3875fd66a5b765afe11d02,BZN|CH,220 kV Foretaille-Verbois 2,2FRTL-VERB_2-IL,Planned,-100,BZN|FR,Foreseen Maintenance,Active,AC Link,19.03.2019 17:00,18.03.2019 07:00
39,12T-0000000118-B,No comments,5c38762f3991bdd23b3d58f1,BZN|FR,220 kV Foretaille-Verbois 2,2FRTL-VERB_2-IL,Planned,0,BZN|CH,Foreseen Maintenance,Active,AC Link,19.03.2019 17:00,18.03.2019 07:00
40,No Affected Assets,Outaged line due to maintenance work,5c374d3766a5b765afdf60a8,BZN|ES,No Affected Assets,No Affected Assets,Planned,2700,BZN|FR,No reasons,Active,No Affected Assets,20.03.2019 19:00,19.03.2019 08:00
41,No Affected Assets,Outaged line due to maintenance work,5c374d373991bdd23b3bc6a6,BZN|FR,No Affected Assets,No Affected Assets,Planned,1200,BZN|ES,No reasons,Active,No Affected Assets,20.03.2019 19:00,19.03.2019 08:00
42,12T-0000000117-E,No comments,5c38760ee32fa63908acae37,BZN|FR,220 kV Foretaille-Verbois 1,2FRTL-VERB_1-IL,Planned,0,BZN|CH,Foreseen Maintenance,Active,AC Link,22.03.2019 17:00,20.03.2019 07:00
43,12T-0000000117-E,No comments,5c38761566a5b765afe11d53,BZN|CH,220 kV Foretaille-Verbois 1,2FRTL-VERB_1-IL,Planned,-100,BZN|FR,Foreseen Maintenance,Active,AC Link,22.03.2019 17:00,20.03.2019 07:00
44,No Affected Assets,Outaged line due to maintenance work,5c374dc7623a721814816be4,BZN|ES,No Affected Assets,No Affected Assets,Planned,2500,BZN|FR,No reasons,Active,No Affected Assets,29.03.2019 19:00,23.03.2019 08:00
45,No Affected Assets,Outaged line due to maintenance work,5c374dc83991bdd23b3bc807,BZN|FR,No Affected Assets,No Affected Assets,Planned,1900,BZN|ES,No reasons,Active,No Affected Assets,29.03.2019 19:00,23.03.2019 08:00
46,10T-CH-FR-00010X,No comments,5c3778b8e32fa63908a95f64,BZN|FR,Verbois-Génissiat,220 Verbois-Génissiat 2,Planned,0,BZN|CH,Foreseen Maintenance,Active,AC Link,29.03.2019 17:00,25.03.2019 07:00
47,10T-CH-FR-00010X,No comments,5c3778eb3991bdd23b3c0974,BZN|CH,Verbois-Génissiat,220 Verbois-Génissiat 2,Planned,-200,BZN|FR,Foreseen Maintenance,Active,AC Link,29.03.2019 17:00,25.03.2019 07:00
48,No Affected Assets,Outaged line due to maintenance work,5c374d9f623a721814816b40,BZN|FR,No Affected Assets,No Affected Assets,Planned,1600 (VARY),BZN|ES,No reasons,Active,No Affected Assets,01.04.2019 00:00,30.03.2019 08:00
49,No Affected Assets,Outaged line due to maintenance work,5c374da1e32fa63908a8bcd9,BZN|ES,No Affected Assets,No Affected Assets,Planned,2700,BZN|FR,No reasons,Active,No Affected Assets,01.04.2019 00:00,30.03.2019 08:00
50,No Affected Assets,Outaged line due to maintenance work,5c374d4b623a721814816a6e,BZN|ES,No Affected Assets,No Affected Assets,Planned,2800 (VARY),BZN|FR,No reasons,Active,No Affected Assets,07.04.2019 19:00,01.04.2019 00:00
51,No Affected Assets,Outaged line due to maintenance work,5c374d4b66a5b765afdf60c9,BZN|FR,No Affected Assets,No Affected Assets,Planned,1150 (VARY),BZN|ES,No reasons,Active,No Affected Assets,07.04.2019 19:00,01.04.2019 00:00
52,10T-FR-GB-000025,No comments,5bbf4f7a623a725b96775c76,BZN|GB,cross-zonal,Mandarins-Sellindge 2,Planned,1000,BZN|FR,Foreseen Maintenance,Active,DC Link,26.04.2019 17:00,01.04.2019 07:00
53,10T-FR-GB-000025,No comments,5bbf4f7a3991bdf2bfc69e73,BZN|FR,cross-zonal,Mandarins-Sellindge 2,Planned,1000,BZN|GB,Foreseen Maintenance,Active,DC Link,26.04.2019 17:00,01.04.2019 07:00
54,12T-0000000233-D,No comments,5c377f9d623a72181481bc92,BZN|FR,380 kV Bassecourt-Laufenburg,3BACU-LFBG-IL,Planned,0,BZN|CH,Foreseen Maintenance,Active,AC Link,26.07.2019 17:00,01.04.2019 07:00
55,12T-0000000233-D,No comments,5c377fe2e32fa63908a97e5f,BZN|CH,380 kV Bassecourt-Laufenburg,3BACU-LFBG-IL,Planned,-200,BZN|FR,Foreseen Maintenance,Active,AC Link,26.07.2019 17:00,01.04.2019 07:00
56,No Affected Assets,Outaged line due to maintenance work,5c374d0e66a5b765afdf6010,BZN|ES,No Affected Assets,No Affected Assets,Planned,2800 (VARY),BZN|FR,No reasons,Active,No Affected Assets,05.04.2019 19:00,01.04.2019 08:00
57,No Affected Assets,Outaged line due to maintenance work,5c374d0e3991bdd23b3bc623,BZN|FR,No Affected Assets,No Affected Assets,Planned,1150 (VARY),BZN|ES,No reasons,Active,No Affected Assets,05.04.2019 19:00,01.04.2019 08:00
58,No Affected Assets,Outaged line due to maintenance work,5c374d15e32fa63908a8ba4c,BZN|ES,No Affected Assets,No Affected Assets,Planned,2800 (VARY),BZN|FR,No reasons,Active,No Affected Assets,12.04.2019 19:00,08.04.2019 08:00
59,No Affected Assets,Outaged line due to maintenance work,5c374d1566a5b765afdf601a,BZN|FR,No Affected Assets,No Affected Assets,Planned,1900 (VARY),BZN|ES,No reasons,Active,No Affected Assets,12.04.2019 19:00,08.04.2019 08:00
60,No Affected Assets,Outaged line due to maintenance work,5c374d1866a5b765afdf6026,BZN|FR,No Affected Assets,No Affected Assets,Planned,1900 (VARY),BZN|ES,No reasons,Active,No Affected Assets,19.04.2019 19:00,08.04.2019 08:00
61,No Affected Assets,Outaged line due to maintenance work,5c374d19e32fa63908a8ba55,BZN|ES,No Affected Assets,No Affected Assets,Planned,2800 (VARY),BZN|FR,No reasons,Active,No Affected Assets,19.04.2019 19:00,08.04.2019 08:00
62,No Affected Assets,Outaged line due to maintenance work,5c374d7b623a721814816aef,BZN|FR,No Affected Assets,No Affected Assets,Planned,1900 (VARY),BZN|ES,No reasons,Active,No Affected Assets,09.05.2019 19:00,08.04.2019 08:00
63,No Affected Assets,Outaged line due to maintenance work,5c374d7b66a5b765afdf614b,BZN|ES,No Affected Assets,No Affected Assets,Planned,2800 (VARY),BZN|FR,No reasons,Active,No Affected Assets,09.05.2019 19:00,08.04.2019 08:00
64,10T-CH-FR-00001Y,No comments,5c3779313991bdd23b3c0a38,BZN|FR,Bassecourt-Mambelin,380 Bassecourt Mambelin,Planned,0,BZN|CH,Foreseen Maintenance,Active,AC Link,25.04.2019 17:00,17.04.2019 07:00
65,10T-CH-FR-00002W,No comments,5c37793166a5b765afdfad8b,BZN|CH,Bassecourt-Sierentz,380 Bassecourt Sierentz,Planned,-100,BZN|FR,Foreseen Maintenance,Active,AC Link,25.04.2019 17:00,17.04.2019 07:00
66,10T-CH-FR-00002W,No comments,5c377960e32fa63908a96152,BZN|FR,Bassecourt-Sierentz,380 Bassecourt Sierentz,Planned,0,BZN|CH,Foreseen Maintenance,Active,AC Link,25.04.2019 17:00,17.04.2019 07:00
67,10T-CH-FR-00001Y,No comments,5c377994e32fa63908a962fb,BZN|CH,Bassecourt-Mambelin,380 Bassecourt Mambelin,Planned,-100,BZN|FR,Foreseen Maintenance,Active,AC Link,25.04.2019 17:00,17.04.2019 07:00
68,12T-0000000117-E,No comments,5c38961466a5b765afe15042,BZN|FR,220 kV Foretaille-Verbois 1,2FRTL-VERB_1-IL,Planned,0,BZN|CH,Foreseen Maintenance,Active,AC Link,26.04.2019 17:00,23.04.2019 07:00
69,12T-0000000117-E,No comments,5c389615e32fa63908ad1f73,BZN|CH,220 kV Foretaille-Verbois 1,2FRTL-VERB_1-IL,Planned,-100,BZN|FR,Foreseen Maintenance,Active,AC Link,26.04.2019 17:00,23.04.2019 07:00
70,12T-0000000118-B,No comments,5c389748e32fa63908ad2232,BZN|FR,220 kV Foretaille-Verbois 2,2FRTL-VERB_2-IL,Planned,0,BZN|CH,Foreseen Maintenance,Active,AC Link,03.05.2019 17:00,29.04.2019 07:00
71,12T-0000000118-B,No comments,5c3897843991bdd23b3d8cf6,BZN|CH,220 kV Foretaille-Verbois 2,2FRTL-VERB_2-IL,Planned,-100,BZN|FR,Foreseen Maintenance,Active,AC Link,03.05.2019 17:00,29.04.2019 07:00
72,No Affected Assets,Outaged line due to maintenance work,5c374dc0e32fa63908a8bdbc,BZN|ES,No Affected Assets,No Affected Assets,Planned,2500 (VARY),BZN|FR,No reasons,Active,No Affected Assets,02.05.2019 19:00,29.04.2019 08:00
73,No Affected Assets,Outaged line due to maintenance work,5c374dc13991bdd23b3bc7eb,BZN|FR,No Affected Assets,No Affected Assets,Planned,1000,BZN|ES,No reasons,Active,No Affected Assets,02.05.2019 19:00,29.04.2019 08:00
74,12T-0000000302-N,No comments,5c37795066a5b765afdfadd8,BZN|CH,380/220/50 kV Bassecourt Trafo 32,380/220/50 kV Bassecourt Trafo 32,Planned,-200,BZN|FR,Foreseen Maintenance,Active,_BACU_T32-TF,15.05.2019 17:00,06.05.2019 07:00
75,12T-0000000302-N,No comments,5c37797b66a5b765afdfae45,BZN|FR,380/220/50 kV Bassecourt Trafo 32,380/220/50 kV Bassecourt Trafo 32,Planned,0,BZN|CH,Foreseen Maintenance,Active,_BACU_T32-TF,15.05.2019 17:00,06.05.2019 07:00
76,No Affected Assets,Outaged line due to maintenance work,5c374d7ce32fa63908a8bc70,BZN|FR,No Affected Assets,No Affected Assets,Planned,1200 (VARY),BZN|ES,No reasons,Active,No Affected Assets,10.05.2019 19:00,06.05.2019 08:00
77,No Affected Assets,Outaged line due to maintenance work,5c374d7c623a721814816afa,BZN|ES,No Affected Assets,No Affected Assets,Planned,2650 (VARY),BZN|FR,No reasons,Active,No Affected Assets,10.05.2019 19:00,06.05.2019 08:00
78,No Affected Assets,Outaged line due to maintenance work,5c374d7c3991bdd23b3bc75e,BZN|ES,No Affected Assets,No Affected Assets,Planned,2600 (VARY),BZN|FR,No reasons,Active,No Affected Assets,21.05.2019 19:00,13.05.2019 08:00
79,No Affected Assets,Outaged line due to maintenance work,5c374d7d66a5b765afdf6157,BZN|FR,No Affected Assets,No Affected Assets,Planned,1850 (VARY),BZN|ES,No reasons,Active,No Affected Assets,21.05.2019 19:00,13.05.2019 08:00
80,No Affected Assets,Outaged line due to maintenance work,5c374d3066a5b765afdf608b,BZN|ES,No Affected Assets,No Affected Assets,Planned,2550,BZN|FR,No reasons,Active,No Affected Assets,21.05.2019 19:00,20.05.2019 08:00
81,No Affected Assets,Outaged line due to maintenance work,5c374d31623a721814816a2a,BZN|FR,No Affected Assets,No Affected Assets,Planned,1150 (VARY),BZN|ES,No reasons,Active,No Affected Assets,21.05.2019 19:00,20.05.2019 08:00
82,No Affected Assets,Outaged line due to maintenance work,5c374d3166a5b765afdf6093,BZN|ES,No Affected Assets,No Affected Assets,Planned,2550,BZN|FR,No reasons,Active,No Affected Assets,21.05.2019 19:00,20.05.2019 08:00
83,No Affected Assets,Outaged line due to maintenance work,5c374d31e32fa63908a8bad3,BZN|FR,No Affected Assets,No Affected Assets,Planned,1150 (VARY),BZN|ES,No reasons,Active,No Affected Assets,21.05.2019 19:00,20.05.2019 08:00
84,No Affected Assets,Outaged line due to maintenance work,5c374d34e32fa63908a8baf5,BZN|FR,No Affected Assets,No Affected Assets,Planned,1150 (VARY),BZN|ES,No reasons,Active,No Affected Assets,31.05.2019 23:00,20.05.2019 08:00
85,No Affected Assets,Outaged line due to maintenance work,5c374d353991bdd23b3bc69e,BZN|ES,No Affected Assets,No Affected Assets,Planned,2550 (VARY),BZN|FR,No reasons,Active,No Affected Assets,31.05.2019 23:00,20.05.2019 08:00
86,No Affected Assets,Outaged line due to maintenance work,5c374df2623a721814816c8d,BZN|FR,No Affected Assets,No Affected Assets,Planned,1600 (VARY),BZN|ES,No reasons,Active,No Affected Assets,09.06.2019 19:00,01.06.2019 00:00
87,No Affected Assets,Outaged line due to maintenance work,5c374df33991bdd23b3bc8bd,BZN|ES,No Affected Assets,No Affected Assets,Planned,2600 (VARY),BZN|FR,No reasons,Active,No Affected Assets,09.06.2019 19:00,01.06.2019 00:00
88,No Affected Assets,Outaged line due to maintenance work,5c374dade32fa63908a8bd1a,BZN|FR,No Affected Assets,No Affected Assets,Planned,1300 (VARY),BZN|ES,No reasons,Active,No Affected Assets,09.06.2019 19:00,03.06.2019 08:00
89,No Affected Assets,Outaged line due to maintenance work,5c374dad66a5b765afdf61b3,BZN|ES,No Affected Assets,No Affected Assets,Planned,1400 (VARY),BZN|FR,No reasons,Active,No Affected Assets,09.06.2019 19:00,03.06.2019 08:00
90,No Affected Assets,Outaged line due to maintenance work,5c374dcf3991bdd23b3bc82f,BZN|ES,No Affected Assets,No Affected Assets,Planned,1400 (VARY),BZN|FR,No reasons,Active,No Affected Assets,09.06.2019 19:00,03.06.2019 08:00
91,No Affected Assets,Outaged line due to maintenance work,5c374dcf3991bdd23b3bc833,BZN|FR,No Affected Assets,No Affected Assets,Planned,1300 (VARY),BZN|ES,No reasons,Active,No Affected Assets,09.06.2019 19:00,03.06.2019 08:00
92,No Affected Assets,Outaged line due to maintenance work,5c374dde623a721814816c52,BZN|ES,No Affected Assets,No Affected Assets,Planned,1400,BZN|FR,No reasons,Active,No Affected Assets,07.06.2019 19:00,03.06.2019 08:00
93,No Affected Assets,Outaged line due to maintenance work,5c374dde3991bdd23b3bc878,BZN|FR,No Affected Assets,No Affected Assets,Planned,1300 (VARY),BZN|ES,No reasons,Active,No Affected Assets,07.06.2019 19:00,03.06.2019 08:00
94,No Affected Assets,Outaged line due to maintenance work,5c374dee3991bdd23b3bc8a2,BZN|FR,No Affected Assets,No Affected Assets,Planned,1300 (VARY),BZN|ES,No reasons,Active,No Affected Assets,13.06.2019 19:00,03.06.2019 08:00
95,No Affected Assets,Outaged line due to maintenance work,5c374def3991bdd23b3bc8a7,BZN|ES,No Affected Assets,No Affected Assets,Planned,1400 (VARY),BZN|FR,No reasons,Active,No Affected Assets,13.06.2019 19:00,03.06.2019 08:00
96,10T-FR-GB-000025,No comments,5b3debebd5dea0dc236854d3,BZN|FR,cross-zonal,Mandarins-Sellindge 2,Planned,0,BZN|GB,Foreseen Maintenance,Active,DC Link,06.06.2019 17:00,04.06.2019 07:00
97,10T-FR-GB-000025,No comments,5b3dec19d5dea0dc236855d1,BZN|GB,cross-zonal,Mandarins-Sellindge 2,Planned,0,BZN|FR,Foreseen Maintenance,Active,DC Link,06.06.2019 17:00,04.06.2019 07:00
98,10T-FR-GB-000017,No comments,5b3dee92d5de9b85663c3b9b,BZN|GB,cross-zonal,Mandarins-Sellindge 1,Planned,0,BZN|FR,Foreseen Maintenance,Active,DC Link,06.06.2019 17:00,04.06.2019 07:00
99,10T-FR-GB-000017,No comments,5b3deec2d5de9b85663c3c08,BZN|FR,cross-zonal,Mandarins-Sellindge 1,Planned,0,BZN|GB,Foreseen Maintenance,Active,DC Link,06.06.2019 17:00,04.06.2019 07:00
100,10T-FR-GB-000025,No comments,5bbf502d66a5b7ed415c04c5,BZN|FR,cross-zonal,Mandarins-Sellindge 2,Planned,0,BZN|GB,Foreseen Maintenance,Active,DC Link,06.06.2019 17:00,04.06.2019 07:30
101,10T-FR-GB-000025,No comments,5bbf5050623a725b96775d66,BZN|GB,cross-zonal,Mandarins-Sellindge 2,Planned,0,BZN|FR,Foreseen Maintenance,Active,DC Link,06.06.2019 17:00,04.06.2019 07:30
102,No Affected Assets,Outaged line due to maintenance work,5c374d4466a5b765afdf60bd,BZN|FR,No Affected Assets,No Affected Assets,Planned,1350 (VARY),BZN|ES,No reasons,Active,No Affected Assets,19.07.2019 19:00,10.06.2019 08:00
103,No Affected Assets,Outaged line due to maintenance work,5c374d4466a5b765afdf60c1,BZN|ES,No Affected Assets,No Affected Assets,Planned,1450 (VARY),BZN|FR,No reasons,Active,No Affected Assets,19.07.2019 19:00,10.06.2019 08:00
104,No Affected Assets,Outaged line due to maintenance work,5c374dee623a721814816c81,BZN|FR,No Affected Assets,No Affected Assets,Planned,1350 (VARY),BZN|ES,No reasons,Active,No Affected Assets,05.07.2019 19:00,10.06.2019 08:00
105,No Affected Assets,Outaged line due to maintenance work,5c374dee66a5b765afdf62f7,BZN|ES,No Affected Assets,No Affected Assets,Planned,1450 (VARY),BZN|FR,No reasons,Active,No Affected Assets,05.07.2019 19:00,10.06.2019 08:00
106,10T-FR-GB-000017,No comments,5bbf4f3d623a725b96775c24,BZN|GB,cross-zonal,Mandarins-Sellindge 1,Planned,1000,BZN|FR,Foreseen Maintenance,Active,DC Link,28.06.2019 17:00,17.06.2019 07:30
107,10T-FR-GB-000017,No comments,5bbf4f9666a5b7ed415c0441,BZN|FR,cross-zonal,Mandarins-Sellindge 1,Planned,1000,BZN|GB,Foreseen Maintenance,Active,DC Link,28.06.2019 17:00,17.06.2019 07:30
108,10T-FR-GB-000017,No comments,5bbf5074623a725b96775dcd,BZN|FR,cross-zonal,Mandarins-Sellindge 1,Planned,1000,BZN|GB,Foreseen Maintenance,Active,DC Link,28.06.2019 17:00,17.06.2019 07:30
109,10T-FR-GB-000017,No comments,5bbf50b53991bdf2bfc6a087,BZN|GB,cross-zonal,Mandarins-Sellindge 1,Planned,1000,BZN|FR,Foreseen Maintenance,Active,DC Link,28.06.2019 17:00,17.06.2019 07:30
110,No Affected Assets,Outaged line due to maintenance work,5c374d82623a721814816b24,BZN|ES,No Affected Assets,No Affected Assets,Planned,1400 (VARY),BZN|FR,No reasons,Active,No Affected Assets,27.06.2019 19:00,17.06.2019 08:00
111,No Affected Assets,Outaged line due to maintenance work,5c374d82623a721814816b28,BZN|FR,No Affected Assets,No Affected Assets,Planned,1350 (VARY),BZN|ES,No reasons,Active,No Affected Assets,27.06.2019 19:00,17.06.2019 08:00
112,10T-CH-FR-00007M,No comments,5c38c56ae32fa63908addee7,BZN|CH,Vallorcine-Pressy,220 Vallorcine-Pressy,Planned,0,BZN|FR,Foreseen Maintenance,Active,AC Link,05.07.2019 17:30,01.07.2019 07:30
113,10T-CH-FR-00007M,No comments,5c38c58666a5b765afe1aa9c,BZN|FR,Vallorcine-Pressy,220 Vallorcine-Pressy,Planned,0,BZN|CH,Foreseen Maintenance,Active,AC Link,05.07.2019 17:30,01.07.2019 07:30
114,No Affected Assets,Outaged line due to maintenance work,5c374d5b3991bdd23b3bc6fe,BZN|ES,No Affected Assets,No Affected Assets,Planned,2500 (VARY),BZN|FR,No reasons,Active,No Affected Assets,19.07.2019 19:00,08.07.2019 08:00
115,No Affected Assets,Outaged line due to maintenance work,5c374d5b623a721814816a93,BZN|FR,No Affected Assets,No Affected Assets,Planned,1100 (VARY),BZN|ES,No reasons,Active,No Affected Assets,19.07.2019 19:00,08.07.2019 08:00
116,No Affected Assets,Outaged line due to maintenance work,5c374d7f3991bdd23b3bc772,BZN|FR,No Affected Assets,No Affected Assets,Planned,1100 (VARY),BZN|ES,No reasons,Active,No Affected Assets,02.08.2019 19:00,08.07.2019 08:00
117,No Affected Assets,Outaged line due to maintenance work,5c374d7fe32fa63908a8bc8e,BZN|ES,No Affected Assets,No Affected Assets,Planned,2500 (VARY),BZN|FR,No reasons,Active,No Affected Assets,02.08.2019 19:00,08.07.2019 08:00
118,No Affected Assets,Outaged line due to maintenance work,5c374d58623a721814816a8d,BZN|ES,No Affected Assets,No Affected Assets,Planned,2400 (VARY),BZN|FR,No reasons,Active,No Affected Assets,10.07.2019 19:00,09.07.2019 08:00
119,No Affected Assets,Outaged line due to maintenance work,5c374d583991bdd23b3bc6f8,BZN|FR,No Affected Assets,No Affected Assets,Planned,1100 (VARY),BZN|ES,No reasons,Active,No Affected Assets,10.07.2019 19:00,09.07.2019 08:00
120,No Affected Assets,Outaged line due to maintenance work,5c374ddf623a721814816c56,BZN|FR,No Affected Assets,No Affected Assets,Planned,1100 (VARY),BZN|ES,No reasons,Active,No Affected Assets,26.07.2019 19:00,15.07.2019 08:00
121,No Affected Assets,Outaged line due to maintenance work,5c374ddf66a5b765afdf62b8,BZN|ES,No Affected Assets,No Affected Assets,Planned,2600 (VARY),BZN|FR,No reasons,Active,No Affected Assets,26.07.2019 19:00,15.07.2019 08:00
122,No Affected Assets,Outaged line due to maintenance work,5c374dcd623a721814816c0e,BZN|FR,No Affected Assets,No Affected Assets,Planned,1100 (VARY),BZN|ES,No reasons,Active,No Affected Assets,02.08.2019 19:00,22.07.2019 08:00
123,No Affected Assets,Outaged line due to maintenance work,5c374dcd623a721814816c17,BZN|ES,No Affected Assets,No Affected Assets,Planned,2600 (VARY),BZN|FR,No reasons,Active,No Affected Assets,02.08.2019 19:00,22.07.2019 08:00
124,No Affected Assets,Outaged line due to maintenance work,5c374de466a5b765afdf62cd,BZN|ES,No Affected Assets,No Affected Assets,Planned,2600 (VARY),BZN|FR,No reasons,Active,No Affected Assets,23.08.2019 19:00,22.07.2019 08:00
125,No Affected Assets,Outaged line due to maintenance work,5c374de466a5b765afdf62d1,BZN|FR,No Affected Assets,No Affected Assets,Planned,1100 (VARY),BZN|ES,No reasons,Active,No Affected Assets,23.08.2019 19:00,22.07.2019 08:00
126,No Affected Assets,Outaged line due to maintenance work,5c374df2e32fa63908a8bf29,BZN|FR,No Affected Assets,No Affected Assets,Planned,1100 (VARY),BZN|ES,No reasons,Active,No Affected Assets,02.08.2019 19:00,22.07.2019 08:00
127,No Affected Assets,Outaged line due to maintenance work,5c374df23991bdd23b3bc8b9,BZN|ES,No Affected Assets,No Affected Assets,Planned,2600 (VARY),BZN|FR,No reasons,Active,No Affected Assets,02.08.2019 19:00,22.07.2019 08:00
128,No Affected Assets,Outaged line due to maintenance work,5c374d41623a721814816a58,BZN|ES,No Affected Assets,No Affected Assets,Planned,2600 (VARY),BZN|FR,No reasons,Active,No Affected Assets,23.08.2019 19:00,05.08.2019 08:00
129,No Affected Assets,Outaged line due to maintenance work,5c374d413991bdd23b3bc6bd,BZN|FR,No Affected Assets,No Affected Assets,Planned,1400 (VARY),BZN|ES,No reasons,Active,No Affected Assets,23.08.2019 19:00,05.08.2019 08:00
130,10T-CH-FR-00002W,No comments,5c38b1df623a7218148373d8,BZN|FR,Bassecourt-Sierentz,380 Bassecourt Sierentz,Planned,0,BZN|CH,Foreseen Maintenance,Active,AC Link,07.08.2019 17:00,06.08.2019 07:00
131,12T-0000000302-N,No comments,5c38b1e866a5b765afe186f6,BZN|FR,380/220/50 kV Bassecourt Trafo 32,380/220/50 kV Bassecourt Trafo 32,Planned,0,BZN|CH,Foreseen Maintenance,Active,_BACU_T32-TF,07.08.2019 17:00,06.08.2019 07:00
132,12T-0000000233-D,No comments,5c38b1fe3991bdd23b3dbfce,BZN|FR,380 kV Bassecourt-Laufenburg,3BACU-LFBG-IL,Planned,0,BZN|CH,Foreseen Maintenance,Active,AC Link,07.08.2019 17:00,06.08.2019 07:00
133,12T-0000000302-N,No comments,5c38b21a623a72181483743a,BZN|CH,380/220/50 kV Bassecourt Trafo 32,380/220/50 kV Bassecourt Trafo 32,Planned,-200,BZN|FR,Foreseen Maintenance,Active,_BACU_T32-TF,07.08.2019 17:00,06.08.2019 07:00
134,10T-CH-FR-00001Y,No comments,5c38b2213991bdd23b3dc019,BZN|FR,Bassecourt-Mambelin,380 Bassecourt Mambelin,Planned,0,BZN|CH,Foreseen Maintenance,Active,AC Link,07.08.2019 17:00,06.08.2019 07:00
135,12T-0000000233-D,No comments,5c38b2333991bdd23b3dc034,BZN|CH,380 kV Bassecourt-Laufenburg,3BACU-LFBG-IL,Planned,-200,BZN|FR,Foreseen Maintenance,Active,AC Link,07.08.2019 17:00,06.08.2019 07:00
136,10T-CH-FR-00002W,No comments,5c38b23e3991bdd23b3dc03f,BZN|CH,Bassecourt-Sierentz,380 Bassecourt Sierentz,Planned,-100,BZN|FR,Foreseen Maintenance,Active,AC Link,07.08.2019 17:00,06.08.2019 07:00
137,10T-CH-FR-00001Y,No comments,5c38b2713991bdd23b3dc05b,BZN|CH,Bassecourt-Mambelin,380 Bassecourt Mambelin,Planned,-100,BZN|FR,Foreseen Maintenance,Active,AC Link,07.08.2019 17:00,06.08.2019 07:00
138,10T-CH-FR-00005Q,No comments,5c38b51166a5b765afe18e14,BZN|CH,Riddes-Cornier,220 Riddes-Cornier (Morgins Sud),Planned,-200,BZN|FR,Foreseen Maintenance,Active,AC Link,27.09.2019 17:00,19.08.2019 07:00
139,10T-CH-FR-00006O,No comments,5c38b512e32fa63908ad9f2f,BZN|CH,Saint Triphon-Cornier,220 Saint Triphon-Cornier (Morgins Nord),Planned,-200,BZN|FR,Foreseen Maintenance,Active,AC Link,27.09.2019 17:00,19.08.2019 07:00
140,10T-CH-FR-00005Q,No comments,5c38b520623a721814837ad9,BZN|FR,Riddes-Cornier,220 Riddes-Cornier (Morgins Sud),Planned,0,BZN|CH,Foreseen Maintenance,Active,AC Link,27.09.2019 17:00,19.08.2019 07:00
141,10T-CH-FR-00006O,No comments,5c38b56c3991bdd23b3dc56e,BZN|FR,Saint Triphon-Cornier,220 Saint Triphon-Cornier (Morgins Nord),Planned,0,BZN|CH,Foreseen Maintenance,Active,AC Link,27.09.2019 17:00,19.08.2019 07:00
142,No Affected Assets,Outaged line due to maintenance work,5c374dca623a721814816bf9,BZN|ES,No Affected Assets,No Affected Assets,Planned,2450 (VARY),BZN|FR,No reasons,Active,No Affected Assets,31.08.2019 23:00,28.08.2019 08:00
143,No Affected Assets,Outaged line due to maintenance work,5c374dca623a721814816bfd,BZN|FR,No Affected Assets,No Affected Assets,Planned,1800 (VARY),BZN|ES,No reasons,Active,No Affected Assets,31.08.2019 23:00,28.08.2019 08:00
144,No Affected Assets,Outaged line due to maintenance work,5c374d2166a5b765afdf6030,BZN|ES,No Affected Assets,No Affected Assets,Planned,2350,BZN|FR,No reasons,Active,No Affected Assets,30.08.2019 19:00,29.08.2019 08:00
145,No Affected Assets,Outaged line due to maintenance work,5c374d22e32fa63908a8ba6d,BZN|FR,No Affected Assets,No Affected Assets,Planned,1700 (VARY),BZN|ES,No reasons,Active,No Affected Assets,30.08.2019 19:00,29.08.2019 08:00
146,12T-0000000302-N,No comments,5c38a1f1e32fa63908ad491d,BZN|CH,380/220/50 kV Bassecourt Trafo 32,380/220/50 kV Bassecourt Trafo 32,Planned,-200,BZN|FR,Foreseen Maintenance,Active,_BACU_T32-TF,05.11.2019 17:00,02.09.2019 07:00
147,12T-0000000302-N,No comments,5c38a214e32fa63908ad49e7,BZN|FR,380/220/50 kV Bassecourt Trafo 32,380/220/50 kV Bassecourt Trafo 32,Planned,0,BZN|CH,Foreseen Maintenance,Active,_BACU_T32-TF,05.11.2019 17:00,02.09.2019 07:00
148,No Affected Assets,Outaged line due to maintenance work,5c374de9e32fa63908a8beec,BZN|FR,No Affected Assets,No Affected Assets,Planned,1550 (VARY),BZN|ES,No reasons,Active,No Affected Assets,13.09.2019 19:00,02.09.2019 08:00
149,No Affected Assets,Outaged line due to maintenance work,5c374de93991bdd23b3bc890,BZN|ES,No Affected Assets,No Affected Assets,Planned,2450 (VARY),BZN|FR,No reasons,Active,No Affected Assets,13.09.2019 19:00,02.09.2019 08:00
150,12T-0000000233-D,No comments,5c38a22d623a721814835205,BZN|FR,380 kV Bassecourt-Laufenburg,3BACU-LFBG-IL,Planned,0,BZN|CH,Foreseen Maintenance,Active,AC Link,04.09.2019 17:00,03.09.2019 07:00
151,12T-0000000233-D,No comments,5c38a258623a721814835257,BZN|CH,380 kV Bassecourt-Laufenburg,3BACU-LFBG-IL,Planned,-200,BZN|FR,Foreseen Maintenance,Active,AC Link,04.09.2019 17:00,03.09.2019 07:00
152,10T-CH-FR-00002W,No comments,5c38a4c43991bdd23b3da10f,BZN|FR,Bassecourt-Sierentz,380 Bassecourt Sierentz,Planned,0,BZN|CH,Foreseen Maintenance,Active,AC Link,06.09.2019 17:00,05.09.2019 07:00
153,10T-CH-FR-00001Y,No comments,5c38a4c4e32fa63908ad5570,BZN|FR,Bassecourt-Mambelin,380 Bassecourt Mambelin,Planned,0,BZN|CH,Foreseen Maintenance,Active,AC Link,06.09.2019 17:00,05.09.2019 07:00
154,10T-CH-FR-00002W,No comments,5c38a4e1623a7218148355ec,BZN|CH,Bassecourt-Sierentz,380 Bassecourt Sierentz,Planned,-100,BZN|FR,Foreseen Maintenance,Active,AC Link,06.09.2019 17:00,05.09.2019 07:00
155,10T-CH-FR-00001Y,No comments,5c38a4ff3991bdd23b3da142,BZN|CH,Bassecourt-Mambelin,380 Bassecourt Mambelin,Planned,-100,BZN|FR,Foreseen Maintenance,Active,AC Link,06.09.2019 17:00,05.09.2019 07:00
156,No Affected Assets,Outaged line due to maintenance work,5c374d3de32fa63908a8bb35,BZN|ES,No Affected Assets,No Affected Assets,Planned,2450 (VARY),BZN|FR,No reasons,Active,No Affected Assets,13.10.2019 19:00,16.09.2019 08:00
157,No Affected Assets,Outaged line due to maintenance work,5c374d3de32fa63908a8bb39,BZN|FR,No Affected Assets,No Affected Assets,Planned,1300 (VARY),BZN|ES,No reasons,Active,No Affected Assets,13.10.2019 19:00,16.09.2019 08:00
158,No Affected Assets,Outaged line due to maintenance work,5c374deae32fa63908a8bef4,BZN|ES,No Affected Assets,No Affected Assets,Planned,2450 (VARY),BZN|FR,No reasons,Active,No Affected Assets,06.10.2019 19:00,16.09.2019 08:00
159,No Affected Assets,Outaged line due to maintenance work,5c374deb66a5b765afdf62ec,BZN|FR,No Affected Assets,No Affected Assets,Planned,1300 (VARY),BZN|ES,No reasons,Active,No Affected Assets,06.10.2019 19:00,16.09.2019 08:00
160,12T-0000000118-B,No comments,5c38c91ee32fa63908adea08,BZN|FR,220 kV Foretaille-Verbois 2,2FRTL-VERB_2-IL,Planned,0,BZN|CH,Foreseen Maintenance,Active,AC Link,16.10.2019 17:00,30.09.2019 07:00
161,12T-0000000118-B,No comments,5c38c9623991bdd23b3de598,BZN|CH,220 kV Foretaille-Verbois 2,2FRTL-VERB_2-IL,Planned,-100,BZN|FR,Foreseen Maintenance,Active,AC Link,16.10.2019 17:00,30.09.2019 07:00
162,No Affected Assets,Outaged line due to maintenance work,5c374d20e32fa63908a8ba65,BZN|ES,No Affected Assets,No Affected Assets,Planned,2500,BZN|FR,No reasons,Active,No Affected Assets,11.10.2019 19:00,07.10.2019 08:00
163,No Affected Assets,Outaged line due to maintenance work,5c374d203991bdd23b3bc638,BZN|FR,No Affected Assets,No Affected Assets,Planned,2450 (VARY),BZN|ES,No reasons,Active,No Affected Assets,11.10.2019 19:00,07.10.2019 08:00
164,No Affected Assets,Outaged line due to maintenance work,5c374dea66a5b765afdf62e8,BZN|ES,No Affected Assets,No Affected Assets,Planned,2500,BZN|FR,No reasons,Active,No Affected Assets,09.10.2019 19:00,08.10.2019 08:00
165,No Affected Assets,Outaged line due to maintenance work,5c374debe32fa63908a8befd,BZN|FR,No Affected Assets,No Affected Assets,Planned,1200 (VARY),BZN|ES,No reasons,Active,No Affected Assets,09.10.2019 19:00,08.10.2019 08:00
166,No Affected Assets,Outaged line due to maintenance work,5c374d553991bdd23b3bc6ea,BZN|FR,No Affected Assets,No Affected Assets,Planned,2700 (VARY),BZN|ES,No reasons,Active,No Affected Assets,25.10.2019 19:00,14.10.2019 08:00
167,No Affected Assets,Outaged line due to maintenance work,5c374d55e32fa63908a8bb74,BZN|ES,No Affected Assets,No Affected Assets,Planned,2550 (VARY),BZN|FR,No reasons,Active,No Affected Assets,25.10.2019 19:00,14.10.2019 08:00
168,No Affected Assets,Outaged line due to maintenance work,5c374dfc66a5b765afdf6325,BZN|FR,No Affected Assets,No Affected Assets,Planned,2700 (VARY),BZN|ES,No reasons,Active,No Affected Assets,31.10.2019 19:00,14.10.2019 08:00
169,No Affected Assets,Outaged line due to maintenance work,5c374dfc66a5b765afdf6329,BZN|ES,No Affected Assets,No Affected Assets,Planned,2550 (VARY),BZN|FR,No reasons,Active,No Affected Assets,31.10.2019 19:00,14.10.2019 08:00
170,No Affected Assets,Outaged line due to maintenance work,5c374d4e623a721814816a78,BZN|ES,No Affected Assets,No Affected Assets,Planned,1900 (VARY),BZN|FR,No reasons,Active,No Affected Assets,31.10.2019 23:00,21.10.2019 08:00
171,No Affected Assets,Outaged line due to maintenance work,5c374d4ee32fa63908a8bb5e,BZN|FR,No Affected Assets,No Affected Assets,Planned,1350 (VARY),BZN|ES,No reasons,Active,No Affected Assets,31.10.2019 23:00,21.10.2019 08:00
172,No Affected Assets,Outaged line due to maintenance work,5c374d51623a721814816a7e,BZN|ES,No Affected Assets,No Affected Assets,Planned,2250 (VARY),BZN|FR,No reasons,Active,No Affected Assets,08.11.2019 19:00,01.11.2019 00:00
173,No Affected Assets,Outaged line due to maintenance work,5c374d513991bdd23b3bc6dc,BZN|FR,No Affected Assets,No Affected Assets,Planned,1400 (VARY),BZN|ES,No reasons,Active,No Affected Assets,08.11.2019 19:00,01.11.2019 00:00
174,No Affected Assets,Outaged line due to maintenance work,5c374d3a623a721814816a4a,BZN|FR,No Affected Assets,No Affected Assets,Planned,1100 (VARY),BZN|ES,No reasons,Active,No Affected Assets,15.11.2019 19:00,04.11.2019 08:00
175,No Affected Assets,Outaged line due to maintenance work,5c374d3a3991bdd23b3bc6af,BZN|ES,No Affected Assets,No Affected Assets,Planned,2050 (VARY),BZN|FR,No reasons,Active,No Affected Assets,15.11.2019 19:00,04.11.2019 08:00
176,No Affected Assets,Outaged line due to maintenance work,5c374d543991bdd23b3bc6e1,BZN|ES,No Affected Assets,No Affected Assets,Planned,2050 (VARY),BZN|FR,No reasons,Active,No Affected Assets,08.11.2019 19:00,04.11.2019 08:00
177,No Affected Assets,Outaged line due to maintenance work,5c374d54623a721814816a85,BZN|FR,No Affected Assets,No Affected Assets,Planned,1100 (VARY),BZN|ES,No reasons,Active,No Affected Assets,08.11.2019 19:00,04.11.2019 08:00
178,No Affected Assets,Outaged line due to maintenance work,5c374dea3991bdd23b3bc894,BZN|ES,No Affected Assets,No Affected Assets,Planned,2050 (VARY),BZN|FR,No reasons,Active,No Affected Assets,06.12.2019 19:00,04.11.2019 08:00
179,No Affected Assets,Outaged line due to maintenance work,5c374dea623a721814816c74,BZN|FR,No Affected Assets,No Affected Assets,Planned,1100 (VARY),BZN|ES,No reasons,Active,No Affected Assets,06.12.2019 19:00,04.11.2019 08:00
180,No Affected Assets,Outaged line due to maintenance work,5c374e123991bdd23b3bc8e9,BZN|ES,No Affected Assets,No Affected Assets,Planned,2050 (VARY),BZN|FR,No reasons,Active,No Affected Assets,08.11.2019 19:00,04.11.2019 08:00
181,No Affected Assets,Outaged line due to maintenance work,5c374e12623a721814816ce0,BZN|FR,No Affected Assets,No Affected Assets,Planned,1100 (VARY),BZN|ES,No reasons,Active,No Affected Assets,08.11.2019 19:00,04.11.2019 08:00
