,code,comments,detailId,inArea,location,name,nature,newNTC,outArea,reason,status,type,unavailabilityEnd,unavailabilityStart
0,14T-22220-TAPSTO,No comments,5a5a188ae4b02d170e7103a3,BZN|DE-AT-LU,Tauern,Tauern,Planned,550 (VARY),BZN|HU,Foreseen Maintenance,Active,TA PST,20.01.2018 00:00,17.12.2017 00:00
1,APG-DUMMY-02---8,"High transit flows expected, due to high generation forecast of renewable energy.",5a4cf2fbe4b02d170e60f6a0,BZN|HU,-,Requested by partner TSO,Planned,600 (VARY),BZN|DE-AT-LU,No reasons,Active,AC Link,05.01.2018 09:00,01.01.2018 00:00
2,APG-DUMMY-02---8,Request by Partner TSO,5a4893e7e4b0d993211caa8c,BZN|HU,-,Requested by partner TSO,Planned,600,BZN|DE-AT-LU,No reasons,Active,AC Link,02.01.2018 00:00,01.01.2018 18:00
3,APG-DUMMY-02---8,Request by Partner TSO,5a49e93be4b0544e2ce7c618,BZN|HU,-,Requested by partner TSO,Planned,600,BZN|DE-AT-LU,No reasons,Active,AC Link,02.01.2018 18:00,02.01.2018 06:00
4,APG-DUMMY-02---8,Request by Partner TSO,5a49e8fee4b02d170e5d42c4,BZN|DE-AT-LU,-,Requested by partner TSO,Planned,600,BZN|HU,No reasons,Active,AC Link,02.01.2018 10:00,02.01.2018 07:00
5,APG-DUMMY-01---D,Stop of Intraday trading due to critical load flows,5a4a99d2e4b0544e2ce8a8c0,BZN|HU,-,Capacity change due to intraday stop/system maintenance/system failure,Planned,421 (VARY),BZN|DE-AT-LU,No reasons,Active,AC Link,02.01.2018 19:00,02.01.2018 07:00
6,APG-DUMMY-02---8,Request by Partner-TSO,5a4c8a0ce4b02d170e607637,BZN|DE-AT-LU,-,Requested by partner TSO,Planned,600,BZN|HU,No reasons,Active,AC Link,05.01.2018 00:00,04.01.2018 00:00
7,APG-DUMMY-01---D,Stop of Intraday trading due to critical load flows,5a4d1071e4b0d993212f5bec,BZN|HU,-,Capacity change due to intraday stop/system maintenance/system failure,Planned,400 (VARY),BZN|DE-AT-LU,No reasons,Active,AC Link,04.01.2018 22:00,04.01.2018 10:00
8,APG-DUMMY-02---8,Request by Partner TSO,5a4dda7fe4b03bda8893b2a8,BZN|DE-AT-LU,-,Requested by partner TSO,Planned,600,BZN|HU,No reasons,Active,AC Link,06.01.2018 00:00,05.01.2018 00:00
9,APG-DUMMY-02---8,Request by Partner TSO,5a4dda2ce4b0d99321323ddd,BZN|HU,-,Requested by partner TSO,Planned,600,BZN|DE-AT-LU,No reasons,Active,AC Link,06.01.2018 00:00,05.01.2018 06:00
10,APG-DUMMY-01---D,Stop of Intraday trading due to critical load flows,5a4f60dfe4b02d170e6422a1,BZN|HU,-,Capacity change due to intraday stop/system maintenance/system failure,Planned,475 (VARY),BZN|DE-AT-LU,No reasons,Active,AC Link,05.01.2018 20:00,05.01.2018 17:00
11,APG-DUMMY-02---8,Request by Partner TSO,5a4f2a81e4b03bda8895751a,BZN|HU,-,Requested by partner TSO,Planned,600,BZN|DE-AT-LU,No reasons,Active,AC Link,07.01.2018 00:00,06.01.2018 00:00
12,APG-DUMMY-02---8,Request by Partner TSO,5a4f2a9ee4b02d170e63d924,BZN|DE-AT-LU,-,Requested by partner TSO,Planned,600,BZN|HU,No reasons,Active,AC Link,07.01.2018 00:00,06.01.2018 00:00
13,APG-DUMMY-01---D,Stop of Intraday trading due to critical load flows,5a50f52be4b03bda8897d002,BZN|HU,-,Capacity change due to intraday stop/system maintenance/system failure,Planned,305,BZN|DE-AT-LU,No reasons,Active,AC Link,06.01.2018 19:00,06.01.2018 18:00
14,APG-DUMMY-02---8,Request by Partner-TSO,5a507eb5e4b02d170e657f6f,BZN|HU,-,Requested by partner TSO,Planned,600,BZN|DE-AT-LU,No reasons,Active,AC Link,08.01.2018 00:00,07.01.2018 00:00
15,APG-DUMMY-02---8,Request by Partner-TSO,5a507ed1e4b0d993213ce8c9,BZN|DE-AT-LU,-,Requested by partner TSO,Planned,600,BZN|HU,No reasons,Active,AC Link,08.01.2018 00:00,07.01.2018 00:00
16,APG-DUMMY-02---8,Request by Partner-TSO,5a51d664e4b03bda8898cea1,BZN|HU,-,Requested by partner TSO,Planned,600 (VARY),BZN|DE-AT-LU,No reasons,Active,AC Link,09.01.2018 00:00,08.01.2018 00:00
17,APG-DUMMY-02---8,Request by Partner-TSO,5a51d66fe4b0544e2cf2ae3f,BZN|DE-AT-LU,-,Requested by partner TSO,Planned,600,BZN|HU,No reasons,Active,AC Link,09.01.2018 00:00,08.01.2018 00:00
18,14T-380-0-00433L,No comments,14T-380-0-0434AP,BZN|DE-AT-LU,Kronstorf-Duernrohr,Kronstorf-Duernrohr,Planned,650 (VARY),BZN|HU,Foreseen Maintenance,Active,AC Link,12.01.2018 20:00,08.01.2018 06:00
19,14T-380-0-00433L,No comments,14T-380-0-0434AP,BZN|HU,Kronstorf-Duernrohr,Kronstorf-Duernrohr,Planned,650 (VARY),BZN|DE-AT-LU,Foreseen Maintenance,Active,AC Link,12.01.2018 20:00,08.01.2018 06:00
20,APG-DUMMY-02---8,"High transit flows expected, due to high generation forecast of renewable energy.",5a5212ece4b03bda88992768,BZN|HU,-,Requested by partner TSO,Planned,600 (VARY),BZN|DE-AT-LU,No reasons,Active,AC Link,10.01.2018 00:00,08.01.2018 12:00
21,APG-DUMMY-02---8,Request by Partner-TSO,5a531fafe4b0d99321472cf3,BZN|DE-AT-LU,-,Requested by partner TSO,Planned,600,BZN|HU,No reasons,Active,AC Link,10.01.2018 00:00,09.01.2018 00:00
22,APG-DUMMY-01---D,Stop of Intraday trading due to critical load flows,5a546927e4b02d170e6a2c8f,BZN|HU,-,Capacity change due to intraday stop/system maintenance/system failure,Planned,420 (VARY),BZN|DE-AT-LU,No reasons,Active,AC Link,10.01.2018 00:00,09.01.2018 08:00
23,APG-DUMMY-01---D,Stop of Intraday trading due to critical load flows,5a5468fde4b03bda889c181a,BZN|DE-AT-LU,-,Capacity change due to intraday stop/system maintenance/system failure,Planned,146 (VARY),BZN|HU,No reasons,Active,AC Link,10.01.2018 00:00,09.01.2018 17:00
24,APG-DUMMY-02---8,Request by Partner-TSO,5a5471cae4b0544e2cf6220a,BZN|DE-AT-LU,-,Requested by partner TSO,Planned,600,BZN|HU,No reasons,Active,AC Link,11.01.2018 00:00,10.01.2018 00:00
25,APG-DUMMY-02---8,Request by Partner-TSO,5a5471cce4b0d993214c5b13,BZN|HU,-,Requested by partner TSO,Planned,600,BZN|DE-AT-LU,No reasons,Active,AC Link,11.01.2018 00:00,10.01.2018 00:00
26,APG-DUMMY-01---D,Stop of Intraday trading due to critical load flows,5a55a631e4b0544e2cf7c2ea,BZN|DE-AT-LU,-,Capacity change due to intraday stop/system maintenance/system failure,Planned,125 (VARY),BZN|HU,No reasons,Active,AC Link,11.01.2018 00:00,10.01.2018 00:00
27,APG-DUMMY-01---D,Stop of Intraday trading due to critical load flows,5a55a617e4b03bda889da945,BZN|HU,-,Capacity change due to intraday stop/system maintenance/system failure,Planned,410 (VARY),BZN|DE-AT-LU,No reasons,Active,AC Link,10.01.2018 20:00,10.01.2018 08:00
28,APG-DUMMY-02---8,Request by Partner-TSO,5a55c2c0e4b0544e2cf7e8d1,BZN|HU,-,Requested by partner TSO,Planned,600,BZN|DE-AT-LU,No reasons,Active,AC Link,12.01.2018 00:00,11.01.2018 00:00
29,APG-DUMMY-01---D,Stop of Intraday trading due to critical load flows,5a56ba6ae4b0544e2cf93a65,BZN|DE-AT-LU,-,Capacity change due to intraday stop/system maintenance/system failure,Planned,240 (VARY),BZN|HU,No reasons,Active,AC Link,12.01.2018 00:00,11.01.2018 00:00
30,APG-DUMMY-01---D,Stop of Intraday trading due to critical load flows,5a56ba17e4b0544e2cf93a05,BZN|HU,-,Capacity change due to intraday stop/system maintenance/system failure,Planned,175 (VARY),BZN|DE-AT-LU,No reasons,Active,AC Link,11.01.2018 21:00,11.01.2018 07:00
31,APG-DUMMY-02---8,Request by Partner-TSO,5a5716c0e4b0d9932156cf08,BZN|HU,-,Requested by partner TSO,Planned,600,BZN|DE-AT-LU,No reasons,Active,AC Link,13.01.2018 00:00,12.01.2018 00:00
32,14T-22220-TAPSTO,No comments,5a577c4ce4b0d9932158793b,BZN|HU,Tauern,Tauern,Planned,800 (VARY),BZN|DE-AT-LU,Foreseen Maintenance,Active,TA PST,14.01.2018 00:00,12.01.2018 00:00
33,APG-DUMMY-01---D,Stop of Intraday trading due to critical load flows,5a57c9d9e4b02d170e6e68c3,BZN|DE-AT-LU,-,Capacity change due to intraday stop/system maintenance/system failure,Planned,295 (VARY),BZN|HU,No reasons,Active,AC Link,13.01.2018 00:00,12.01.2018 06:00
34,APG-DUMMY-01---D,Stop of Intraday trading due to critical load flows,5a57c9a1e4b02d170e6e686c,BZN|HU,-,Capacity change due to intraday stop/system maintenance/system failure,Planned,260 (VARY),BZN|DE-AT-LU,No reasons,Active,AC Link,12.01.2018 19:00,12.01.2018 07:00
35,APG-DUMMY-02---8,Request by Partner-TSO,5a586543e4b0544e2cfb7a61,BZN|HU,-,Requested by partner TSO,Planned,600,BZN|DE-AT-LU,No reasons,Active,AC Link,14.01.2018 00:00,13.01.2018 00:00
36,APG-DUMMY-02---8,Request by Partner-TSO,5a58656ee4b02d170e6f13c0,BZN|DE-AT-LU,-,Requested by partner TSO,Planned,600,BZN|HU,No reasons,Active,AC Link,14.01.2018 00:00,13.01.2018 00:00
37,APG-DUMMY-01---D,Stop of Intraday trading due to critical load flows,5a58ef12e4b0544e2cfc4cf8,BZN|DE-AT-LU,-,Capacity change due to intraday stop/system maintenance/system failure,Planned,462 (VARY),BZN|HU,No reasons,Active,AC Link,13.01.2018 10:00,13.01.2018 00:00
38,APG-DUMMY-02---8,"High transit flows expected, due to high generation forecast of renewable energy.",5a58cd73e4b0d993215d9e7b,BZN|HU,-,Requested by partner TSO,Planned,500 (VARY),BZN|DE-AT-LU,No reasons,Active,AC Link,15.01.2018 00:00,14.01.2018 00:00
39,APG-DUMMY-02---8,Request by Partner-TSO,5a59b7ede4b02d170e709d61,BZN|HU,-,Requested by partner TSO,Planned,500 (VARY),BZN|DE-AT-LU,No reasons,Active,AC Link,15.01.2018 00:00,14.01.2018 00:00
40,APG-DUMMY-02---8,Request by Partner-TSO,5a59b84ce4b03bda88a2ce91,BZN|DE-AT-LU,-,Requested by partner TSO,Planned,500 (VARY),BZN|HU,No reasons,Active,AC Link,15.01.2018 00:00,14.01.2018 00:00
41,APG-DUMMY-01---D,Stop of Intraday trading due to critical load flows,5a5b4f06e4b0d99321662e6d,BZN|DE-AT-LU,-,Capacity change due to intraday stop/system maintenance/system failure,Planned,310 (VARY),BZN|HU,No reasons,Active,AC Link,14.01.2018 08:00,14.01.2018 00:00
42,APG-DUMMY-02---8,Request by Partner-TSO,5a5b09a6e4b03bda88a43727,BZN|DE-AT-LU,-,Requested by partner TSO,Planned,500 (VARY),BZN|HU,No reasons,Active,AC Link,16.01.2018 00:00,15.01.2018 00:00
43,APG-DUMMY-02---8,"High transit flows expected, due to high generation forecast of renewable energy.",5a60b1d9e4b02d170e78c897,BZN|HU,-,Requested by partner TSO,Planned,550 (VARY),BZN|DE-AT-LU,No reasons,Active,AC Link,21.01.2018 00:00,15.01.2018 00:00
44,APG-DUMMY-01---D,Stop of Intraday trading due to critical load flows,5a5b8479e4b03bda88a4c6a6,BZN|HU,-,Capacity change due to intraday stop/system maintenance/system failure,Planned,500,BZN|DE-AT-LU,No reasons,Active,AC Link,15.01.2018 09:00,15.01.2018 07:00
45,APG-DUMMY-02---8,Request by Partner-TSO,5a5c5b6de4b03bda88a5a6da,BZN|DE-AT-LU,-,Requested by partner TSO,Planned,600,BZN|HU,No reasons,Active,AC Link,17.01.2018 00:00,16.01.2018 00:00
46,APG-DUMMY-02---8,Request by Partner-TSO,5a5dafd1e4b02d170e74eb62,BZN|DE-AT-LU,-,Requested by partner TSO,Planned,600,BZN|HU,No reasons,Active,AC Link,18.01.2018 00:00,17.01.2018 00:00
47,APG-DUMMY-02---8,Request by Partner-TSO,5a5efc7be4b0d9932174120c,BZN|DE-AT-LU,-,Requested by partner TSO,Planned,600,BZN|HU,No reasons,Active,AC Link,19.01.2018 00:00,18.01.2018 00:00
48,APG-DUMMY-02---8,Request by Partner-TSO,5a604e27e4b02d170e7840fb,BZN|DE-AT-LU,-,Requested by partner TSO,Planned,600,BZN|HU,No reasons,Active,AC Link,20.01.2018 00:00,19.01.2018 00:00
49,APG-DUMMY-02---8,Request by Partner-TSO,5a604e41e4b0544e2d05b756,BZN|HU,-,Requested by partner TSO,Planned,600,BZN|DE-AT-LU,No reasons,Active,AC Link,20.01.2018 00:00,19.01.2018 00:00
50,APG-DUMMY-01---D,Stop of Intraday trading due to critical load flows,5a61904fe4b02d170e79f2df,BZN|HU,-,Capacity change due to intraday stop/system maintenance/system failure,Planned,462 (VARY),BZN|DE-AT-LU,No reasons,Active,AC Link,19.01.2018 11:00,19.01.2018 07:00
51,APG-DUMMY-02---8,Request by Partner-TSO,5a6270cee4b03bda88add8ec,BZN|HU,-,Requested by partner TSO,Planned,600,BZN|DE-AT-LU,No reasons,Active,AC Link,21.01.2018 00:00,20.01.2018 00:00
52,APG-DUMMY-02---8,Request by Partner-TSO,5a6270d4e4b02d170e7b22be,BZN|DE-AT-LU,-,Requested by partner TSO,Planned,600,BZN|HU,No reasons,Active,AC Link,21.01.2018 00:00,20.01.2018 00:00
53,APG-DUMMY-02---8,Expected critical power flows.,5a6498fde4b03bda88b07504,BZN|DE-AT-LU,-,Requested by partner TSO,Planned,800 (VARY),BZN|HU,No reasons,Active,AC Link,24.01.2018 00:00,20.01.2018 00:00
54,APG-DUMMY-01---D,Stop of Intraday trading due to critical load flows,5a627100e4b02d170e7b2321,BZN|HU,-,Capacity change due to intraday stop/system maintenance/system failure,Planned,600 (VARY),BZN|DE-AT-LU,No reasons,Active,AC Link,20.01.2018 20:00,20.01.2018 17:00
55,APG-DUMMY-01---D,Stop of Intraday trading due to critical load flows,5a6394e3e4b0d99321860c82,BZN|HU,-,Capacity change due to intraday stop/system maintenance/system failure,Planned,561 (VARY),BZN|DE-AT-LU,No reasons,Active,AC Link,21.01.2018 20:00,21.01.2018 17:00
56,APG-DUMMY-01---D,Stop of Intraday trading due to critical load flows,5a639538e4b02d170e7c79ad,BZN|DE-AT-LU,-,Capacity change due to intraday stop/system maintenance/system failure,Planned,263 (VARY),BZN|HU,No reasons,Active,AC Link,22.01.2018 00:00,21.01.2018 20:00
57,APG-DUMMY-02---8,Request by Partner-TSO,5a644b96e4b0544e2d0b3bcc,BZN|HU,-,Requested by partner TSO,Planned,600,BZN|DE-AT-LU,No reasons,Active,AC Link,23.01.2018 00:00,22.01.2018 00:00
58,APG-DUMMY-02---8,Request by Partner-TSO,5a644bb5e4b0d99321887053,BZN|DE-AT-LU,-,Requested by partner TSO,Planned,600,BZN|HU,No reasons,Active,AC Link,23.01.2018 00:00,22.01.2018 00:00
59,APG-DUMMY-02---8,"High transit flows expected, due to high generation forecast of renewable energy.",5a674751e4b0544e2d0f3ad2,BZN|HU,-,Requested by partner TSO,Planned,700 (VARY),BZN|DE-AT-LU,No reasons,Active,AC Link,26.01.2018 00:00,22.01.2018 00:00
60,14T-38220-OS0421,No comments,5a63477ae4b03bda88aeedaf,BZN|HU,Obersielach,Obersielach,Planned,650 (VARY),BZN|DE-AT-LU,Foreseen Maintenance,Active,OS RHU42,23.01.2018 20:00,22.01.2018 06:00
61,APG-DUMMY-02---8,Request by Partner-TSO,5a6594e4e4b02d170e7eb336,BZN|DE-AT-LU,-,Requested by partner TSO,Planned,600,BZN|HU,No reasons,Active,AC Link,24.01.2018 00:00,23.01.2018 00:00
62,APG-DUMMY-02---8,Request by Partner-TSO,5a6594e6e4b0544e2d0cdc07,BZN|HU,-,Requested by partner TSO,Planned,600,BZN|DE-AT-LU,No reasons,Active,AC Link,23.01.2018 12:00,23.01.2018 00:00
63,APG-DUMMY-01---D,Stop of Intraday trading due to critical load flows,5a66d389e4b0d99321924191,BZN|HU,-,Capacity change due to intraday stop/system maintenance/system failure,Planned,575 (VARY),BZN|DE-AT-LU,No reasons,Active,AC Link,23.01.2018 17:00,23.01.2018 08:00
64,APG-DUMMY-02---8,Request by Partner-TSO,5a66e580e4b03bda88b331f2,BZN|DE-AT-LU,-,Requested by partner TSO,Planned,600,BZN|HU,No reasons,Active,AC Link,25.01.2018 00:00,24.01.2018 00:00
65,APG-DUMMY-02---8,Request by Partner-TSO,5a683931e4b02d170e81ec8a,BZN|HU,-,Requested by partner TSO,Planned,450 (VARY),BZN|DE-AT-LU,No reasons,Active,AC Link,26.01.2018 00:00,25.01.2018 00:00
66,APG-DUMMY-02---8,Request by Partner-TSO,5a683932e4b0544e2d10889e,BZN|DE-AT-LU,-,Requested by partner TSO,Planned,600,BZN|HU,No reasons,Active,AC Link,26.01.2018 00:00,25.01.2018 00:00
67,APG-DUMMY-01---D,Stop of Intraday trading due to critical load flows,5a68b3f0e4b03bda88b58868,BZN|HU,-,Capacity change due to intraday stop/system maintenance/system failure,Planned,450 (VARY),BZN|DE-AT-LU,No reasons,Active,AC Link,25.01.2018 21:00,25.01.2018 07:00
68,APG-DUMMY-02---8,Request by Partner-TSO,5a69894be4b03bda88b69cc3,BZN|HU,-,Requested by partner TSO,Planned,600,BZN|DE-AT-LU,No reasons,Active,AC Link,27.01.2018 00:00,26.01.2018 00:00
69,APG-DUMMY-02---8,Expected critical power flows.,5a69efb8e4b0a71571eafe03,BZN|DE-AT-LU,-,Requested by partner TSO,Planned,500 (VARY),BZN|HU,No reasons,Active,AC Link,27.01.2018 18:00,26.01.2018 00:00
70,APG-DUMMY-01---D,Stop of Intraday trading due to critical load flows,5a6a2400e4b0ca0c694e572a,BZN|HU,-,Capacity change due to intraday stop/system maintenance/system failure,Planned,600,BZN|DE-AT-LU,No reasons,Active,AC Link,26.01.2018 21:00,26.01.2018 07:00
71,APG-DUMMY-02---8,Request by Partner-TSO,5a6adadfe4b0a71571ec161d,BZN|HU,-,Requested by partner TSO,Planned,600,BZN|DE-AT-LU,No reasons,Active,AC Link,28.01.2018 00:00,27.01.2018 00:00
72,APG-DUMMY-02---8,Request by Partner-TSO,5a6adb08e4b06357d2ae3b82,BZN|DE-AT-LU,-,Requested by partner TSO,Planned,500 (VARY),BZN|HU,No reasons,Active,AC Link,28.01.2018 00:00,27.01.2018 00:00
73,APG-DUMMY-01---D,Stop of Intraday trading due to critical load flows,5a6c7aa5e4b0a71571ee3c7d,BZN|HU,-,Capacity change due to intraday stop/system maintenance/system failure,Planned,600,BZN|DE-AT-LU,No reasons,Active,AC Link,27.01.2018 12:00,27.01.2018 08:00
74,APG-DUMMY-02---8,"High transit flows expected, due to high generation forecast of renewable energy.",5a71d1f0e4b0cb7f39abca8f,BZN|HU,-,Requested by partner TSO,Planned,600 (VARY),BZN|DE-AT-LU,No reasons,Active,AC Link,03.02.2018 00:00,27.01.2018 18:00
75,APG-DUMMY-02---8,Request by Partner-TSO,5a6c2d87e4b06357d2b3231b,BZN|DE-AT-LU,-,Requested by partner TSO,Planned,600,BZN|HU,No reasons,Active,AC Link,29.01.2018 00:00,28.01.2018 00:00
76,APG-DUMMY-02---8,Request by Partner-TSO,5a6d7e2ce4b0ca0c69525025,BZN|DE-AT-LU,-,Requested by partner TSO,Planned,600,BZN|HU,No reasons,Active,AC Link,30.01.2018 00:00,29.01.2018 00:00
77,APG-DUMMY-02---8,Request by Partner-TSO,5a6ecff1e4b0a71571f0eed6,BZN|DE-AT-LU,-,Requested by partner TSO,Planned,600,BZN|HU,No reasons,Active,AC Link,31.01.2018 00:00,30.01.2018 00:00
78,APG-DUMMY-01---D,Stop of Intraday trading due to critical load flows,5a7059a9e4b0a71571f38f92,BZN|HU,-,Capacity change due to intraday stop/system maintenance/system failure,Planned,500,BZN|DE-AT-LU,No reasons,Active,AC Link,30.01.2018 10:00,30.01.2018 07:00
79,APG-DUMMY-02---8,Request by Partner-TSO,5a7020b7e4b077412c01ecc8,BZN|DE-AT-LU,-,Requested by partner TSO,Planned,600,BZN|HU,No reasons,Active,AC Link,01.02.2018 00:00,31.01.2018 00:00
80,APG-DUMMY-02---8,Request by Partner-TSO,5a7020fae4b077412c01ed89,BZN|HU,-,Requested by partner TSO,Planned,600 (VARY),BZN|DE-AT-LU,No reasons,Active,AC Link,01.02.2018 00:00,31.01.2018 00:00
81,14T-220-0-00455F,No comments,5a9a7b9fe4b0aeca1b857e12,BZN|DE-AT-LU,St.Peter-Salzburg,St.Peter-Salzburg 455,Planned,600 (VARY),BZN|HU,Foreseen Maintenance,Active,AC Link,05.03.2018 00:00,01.02.2018 00:00
82,14T-220-0-00455F,No comments,5a9a7bece4b0aeca1b857e7e,BZN|HU,St.Peter-Salzburg,St.Peter-Salzburg 455,Planned,600 (VARY),BZN|DE-AT-LU,Foreseen Maintenance,Active,AC Link,05.03.2018 00:00,01.02.2018 00:00
83,APG-DUMMY-01---D,Stop of Intraday trading due to critical load flows,5a730743e4b0f8ab738f5a65,BZN|HU,-,Capacity change due to intraday stop/system maintenance/system failure,Planned,390,BZN|DE-AT-LU,No reasons,Active,AC Link,01.02.2018 19:00,01.02.2018 17:00
84,APG-DUMMY-02---8,Request by Partner-TSO,5a72c36de4b03c9f8880dff0,BZN|HU,-,Requested by partner TSO,Planned,600,BZN|DE-AT-LU,No reasons,Active,AC Link,03.02.2018 00:00,02.02.2018 00:00
85,APG-DUMMY-02---8,Request by Partner-TSO,5a72c3aee4b0cb7f39afbe7d,BZN|DE-AT-LU,-,Requested by partner TSO,Planned,600,BZN|HU,No reasons,Active,AC Link,03.02.2018 00:00,02.02.2018 00:00
86,APG-DUMMY-02---8,Request by Partner-TSO,5a741ca6e4b01a02b43629dd,BZN|HU,-,Requested by partner TSO,Planned,600,BZN|DE-AT-LU,No reasons,Active,AC Link,04.02.2018 00:00,03.02.2018 00:00
87,APG-DUMMY-02---8,Request by Partner-TSO,5a741d05e4b092daa0b81a3e,BZN|DE-AT-LU,-,Requested by partner TSO,Planned,600,BZN|HU,No reasons,Active,AC Link,04.02.2018 00:00,03.02.2018 00:00
88,APG-DUMMY-02---8,Request by Partner-TSO,5a75663ee4b092daa0b9e367,BZN|DE-AT-LU,-,Requested by partner TSO,Planned,600,BZN|HU,No reasons,Active,AC Link,05.02.2018 00:00,04.02.2018 00:00
89,APG-DUMMY-02---8,Request by Partner-TSO,5a756640e4b01a02b437f33d,BZN|HU,-,Requested by partner TSO,Planned,600,BZN|DE-AT-LU,No reasons,Active,AC Link,05.02.2018 00:00,04.02.2018 00:00
90,APG-DUMMY-01---D,Stop of Intraday trading due to critical load flows,5a75fbc5e4b08445c281564d,BZN|DE-AT-LU,-,Capacity change due to intraday stop/system maintenance/system failure,Planned,581 (VARY),BZN|HU,No reasons,Active,AC Link,05.02.2018 00:00,04.02.2018 00:00
91,APG-DUMMY-02---8,Request by Partner-TSO,5a76b7b2e4b08445c2843205,BZN|DE-AT-LU,-,Requested by partner TSO,Planned,600,BZN|HU,No reasons,Active,AC Link,06.02.2018 00:00,05.02.2018 00:00
92,APG-DUMMY-02---8,Request by Partner-TSO,5a76b7d2e4b092daa0bb8162,BZN|HU,-,Requested by partner TSO,Planned,600,BZN|DE-AT-LU,No reasons,Active,AC Link,06.02.2018 00:00,05.02.2018 00:00
93,APG-DUMMY-01---D,Stop of Intraday trading due to critical load flows,5a78b118e4b0443e939eb4c1,BZN|DE-AT-LU,-,Capacity change due to intraday stop/system maintenance/system failure,Planned,543 (VARY),BZN|HU,No reasons,Active,AC Link,06.02.2018 00:00,05.02.2018 00:00
94,APG-DUMMY-01---D,Stop of Intraday trading due to critical load flows,5a78d09ee4b00046ebecd743,BZN|HU,-,Capacity change due to intraday stop/system maintenance/system failure,Planned,291 (VARY),BZN|DE-AT-LU,No reasons,Active,AC Link,06.02.2018 21:00,06.02.2018 07:00
95,APG-DUMMY-01---D,Stop of Intraday trading due to critical load flows,5a78d03ee4b01a02b43c518f,BZN|DE-AT-LU,-,Capacity change due to intraday stop/system maintenance/system failure,Planned,417 (VARY),BZN|HU,No reasons,Active,AC Link,07.02.2018 00:00,06.02.2018 21:00
96,APG-DUMMY-02---8,Expected critical power flows.,5a79ae3de4b0443e93a007a0,BZN|DE-AT-LU,-,Requested by partner TSO,Planned,400 (VARY),BZN|HU,No reasons,Active,AC Link,08.02.2018 07:00,07.02.2018 00:00
97,APG-DUMMY-01---D,Stop of Intraday trading due to critical load flows,5a7a222fe4b01a02b43e1130,BZN|HU,-,Capacity change due to intraday stop/system maintenance/system failure,Planned,114 (VARY),BZN|DE-AT-LU,No reasons,Active,AC Link,07.02.2018 23:00,07.02.2018 07:00
98,APG-DUMMY-01---D,Stop of Intraday trading due to critical load flows,5a7b2cafe4b0b6390ad84250,BZN|HU,-,Capacity change due to intraday stop/system maintenance/system failure,Planned,64 (VARY),BZN|DE-AT-LU,No reasons,Active,AC Link,08.02.2018 21:00,08.02.2018 06:00
99,APG-DUMMY-02---8,Request by Partner-TSO,5a7bfe34e4b0eca49238920b,BZN|DE-AT-LU,-,Requested by partner TSO,Planned,450 (VARY),BZN|HU,No reasons,Active,AC Link,10.02.2018 00:00,09.02.2018 00:00
100,APG-DUMMY-02---8,Request by Partner-TSO,5a7bfe94e4b0c9f916fd1eee,BZN|HU,-,Requested by partner TSO,Planned,600,BZN|DE-AT-LU,No reasons,Active,AC Link,10.02.2018 00:00,09.02.2018 00:00
101,APG-DUMMY-02---8,Expected critical power flows.,5a7dad20e4b0eca4923efde5,BZN|DE-AT-LU,-,Requested by partner TSO,Planned,450 (VARY),BZN|HU,No reasons,Active,AC Link,12.02.2018 00:00,09.02.2018 00:00
102,APG-DUMMY-01---D,Stop of Intraday trading due to critical load flows,5a7c7104e4b0eca4923a78cd,BZN|HU,-,Capacity change due to intraday stop/system maintenance/system failure,Planned,150 (VARY),BZN|DE-AT-LU,No reasons,Active,AC Link,09.02.2018 20:00,09.02.2018 07:00
103,APG-DUMMY-02---8,Request by Partner-TSO,5a7d4f36e4b0ae6b4731e057,BZN|DE-AT-LU,-,Requested by partner TSO,Planned,500 (VARY),BZN|HU,No reasons,Active,AC Link,11.02.2018 00:00,10.02.2018 00:00
104,APG-DUMMY-02---8,Request by Partner-TSO,5a7d4f63e4b0eca4923da2ca,BZN|HU,-,Requested by partner TSO,Planned,600,BZN|DE-AT-LU,No reasons,Active,AC Link,11.02.2018 00:00,10.02.2018 00:00
105,APG-DUMMY-02---8,Request by Partner TSO,5a7ea8c5e4b0eca492427fcb,BZN|HU,-,Requested by partner TSO,Planned,600,BZN|DE-AT-LU,No reasons,Active,AC Link,12.02.2018 00:00,11.02.2018 00:00
106,APG-DUMMY-02---8,Request by Partner TSO,5a7ea94fe4b0eca492428165,BZN|DE-AT-LU,-,Requested by partner TSO,Planned,600,BZN|HU,No reasons,Active,AC Link,11.02.2018 22:00,11.02.2018 05:00
107,APG-DUMMY-02---8,Request by Partner TSO,5a7ff676e4b0ae6b47350b70,BZN|HU,-,Requested by partner TSO,Planned,600,BZN|DE-AT-LU,No reasons,Active,AC Link,12.02.2018 06:00,12.02.2018 00:00
108,APG-DUMMY-02---8,Request by Partner TSO,5a7ff6bbe4b0ae6b47350bcb,BZN|DE-AT-LU,-,Requested by partner TSO,Planned,600,BZN|HU,No reasons,Active,AC Link,12.02.2018 06:00,12.02.2018 00:00
109,APG-DUMMY-01---D,Stop of Intraday trading due to critical load flows,5a81be66e4b0b6390ae1020e,BZN|HU,-,Capacity change due to intraday stop/system maintenance/system failure,Planned,540 (VARY),BZN|DE-AT-LU,No reasons,Active,AC Link,13.02.2018 20:00,13.02.2018 07:00
110,APG-DUMMY-01---D,Stop of Intraday trading due to critical load flows,5a831cf4e4b0eca492532ef0,BZN|HU,-,Capacity change due to intraday stop/system maintenance/system failure,Planned,229 (VARY),BZN|DE-AT-LU,No reasons,Active,AC Link,14.02.2018 19:00,14.02.2018 06:00
111,APG-DUMMY-02---8,"High transit flows expected, due to high generation forecast of renewable energy.",5a84469ee4b0b6390ae473e4,BZN|HU,-,Requested by partner TSO,Planned,600 (VARY),BZN|DE-AT-LU,No reasons,Active,AC Link,17.02.2018 00:00,15.02.2018 00:00
112,APG-DUMMY-01---D,Stop of Intraday trading due to critical load flows,5a858e2fe4b048b08f6b28bf,BZN|HU,-,Capacity change due to intraday stop/system maintenance/system failure,Planned,475 (VARY),BZN|DE-AT-LU,No reasons,Active,AC Link,15.02.2018 21:00,15.02.2018 16:00
113,APG-DUMMY-01---D,Stop of Intraday trading due to critical load flows,5a85aa08e4b080f2697f49be,BZN|HU,-,Capacity change due to intraday stop/system maintenance/system failure,Planned,550 (VARY),BZN|DE-AT-LU,No reasons,Active,AC Link,16.02.2018 21:00,16.02.2018 07:00
114,APG-DUMMY-02---8,Request by Partner TSO,5a853849e4b0b6390ae5bf85,BZN|DE-AT-LU,-,Requested by partner TSO,Planned,600,BZN|HU,No reasons,Active,AC Link,17.02.2018 00:00,16.02.2018 20:00
115,APG-DUMMY-02---8,Request by Partner TSO,5a853897e4b0c9f91708855b,BZN|HU,-,Requested by partner TSO,Planned,600,BZN|DE-AT-LU,No reasons,Active,AC Link,17.02.2018 00:00,16.02.2018 20:00
116,14T-220-0-00275H,No comments,14T-220-0-0273AQ,BZN|HU,Westtirol-Zell am Ziller,Westtirol-Zell am Ziller 275,Planned,500,BZN|DE-AT-LU,Foreseen Maintenance,Active,AC Link,19.02.2018 00:00,17.02.2018 00:00
117,APG-DUMMY-02---8,Request by Partner TSO,5a868d37e4b07a11eb4064df,BZN|DE-AT-LU,-,Requested by partner TSO,Planned,600,BZN|HU,No reasons,Active,AC Link,18.02.2018 00:00,17.02.2018 00:00
118,APG-DUMMY-01---D,Stop of Intraday trading due to critical load flows,5a86f6fce4b080f26983593b,BZN|HU,-,Capacity change due to intraday stop/system maintenance/system failure,Planned,244 (VARY),BZN|DE-AT-LU,No reasons,Active,AC Link,17.02.2018 21:00,17.02.2018 09:00
119,APG-DUMMY-02---8,"High transit flows expected, due to high generation forecast of renewable energy.",5a86e8cae4b07a11eb40fc29,BZN|DE-AT-LU,-,Requested by partner TSO,Planned,800 (VARY),BZN|HU,No reasons,Active,AC Link,19.02.2018 00:00,18.02.2018 00:00
120,APG-DUMMY-02---8,Request by Partner-TSO,5a87dd97e4b080f26986eea6,BZN|DE-AT-LU,-,Requested by partner TSO,Planned,600,BZN|HU,No reasons,Active,AC Link,19.02.2018 00:00,18.02.2018 00:00
121,APG-DUMMY-01---D,Stop of Intraday trading due to critical load flows,5a884ea9e4b07a11eb42bbbd,BZN|HU,-,Capacity change due to intraday stop/system maintenance/system failure,Planned,456,BZN|DE-AT-LU,No reasons,Active,AC Link,18.02.2018 19:00,18.02.2018 18:00
122,APG-DUMMY-02---8,Request by Partner-TSO,5a892f8fe4b080f2698bd0e5,BZN|DE-AT-LU,-,Requested by partner TSO,Planned,600,BZN|HU,No reasons,Active,AC Link,19.02.2018 06:00,19.02.2018 00:00
123,APG-DUMMY-02---8,Request by Partner-TSO,5a892fd5e4b048b08f6fe86b,BZN|HU,-,Requested by partner TSO,Planned,600,BZN|DE-AT-LU,No reasons,Active,AC Link,19.02.2018 06:00,19.02.2018 00:00
124,APG-DUMMY-01---D,Stop of Intraday trading due to critical load flows,5a899f12e4b048b08f707342,BZN|HU,-,Capacity change due to intraday stop/system maintenance/system failure,Planned,114,BZN|DE-AT-LU,No reasons,Active,AC Link,19.02.2018 21:00,19.02.2018 07:00
125,APG-DUMMY-01---D,Stop of Intraday trading due to critical load flows,5a8c1cbbe4b080b7e8470d6b,BZN|DE-AT-LU,-,Capacity change due to intraday stop/system maintenance/system failure,Planned,426 (VARY),BZN|HU,No reasons,Active,AC Link,20.02.2018 02:00,20.02.2018 00:00
126,APG-DUMMY-01---D,Stop of Intraday trading due to critical load flows,5a8c1cd3e4b07a11eb475fdc,BZN|HU,-,Capacity change due to intraday stop/system maintenance/system failure,Planned,248 (VARY),BZN|DE-AT-LU,No reasons,Active,AC Link,20.02.2018 20:00,20.02.2018 06:00
127,APG-DUMMY-01---D,Stop of Intraday trading due to critical load flows,5a8d4906e4b07a11eb48e6b8,BZN|HU,-,Capacity change due to intraday stop/system maintenance/system failure,Planned,324 (VARY),BZN|DE-AT-LU,No reasons,Active,AC Link,21.02.2018 21:00,21.02.2018 17:00
128,APG-DUMMY-02---8,Expected critical power flows.,5a8c39f9e4b080b7e8473ba5,BZN|DE-AT-LU,-,Requested by partner TSO,Planned,550 (VARY),BZN|HU,No reasons,Active,AC Link,22.02.2018 21:00,22.02.2018 06:00
129,APG-DUMMY-02---8,Expected critical power flows.,5a8c38f2e4b07a11eb4788ae,BZN|HU,-,Requested by partner TSO,Planned,550,BZN|DE-AT-LU,No reasons,Active,AC Link,22.02.2018 17:00,22.02.2018 09:00
130,APG-DUMMY-02---8,"High transit flows expected, due to high generation forecast of renewable energy.",5a9a881ae4b04a37f42493b0,BZN|HU,-,Requested by partner TSO,Planned,450 (VARY),BZN|DE-AT-LU,No reasons,Active,AC Link,05.03.2018 18:00,24.02.2018 00:00
131,14T-220-0-0273AQ,No comments,14T-220-0-0274AN,BZN|DE-AT-LU,Strass-Zell am Ziller,Strass-Zell am Ziller 273,Planned,500 (VARY),BZN|HU,Foreseen Maintenance,Active,AC Link,07.03.2018 00:00,24.02.2018 00:00
132,APG-DUMMY-02---8,Request by Partner-TSO,5a911ea6e4b0aeca1b778e43,BZN|DE-AT-LU,-,Requested by partner TSO,Planned,500 (VARY),BZN|HU,No reasons,Active,AC Link,26.02.2018 00:00,25.02.2018 00:00
133,APG-DUMMY-01---D,Stop of Intraday trading due to critical load flows,5a94510ce4b006fda3832a90,BZN|HU,-,Capacity change due to intraday stop/system maintenance/system failure,Planned,389 (VARY),BZN|DE-AT-LU,No reasons,Active,AC Link,26.02.2018 21:00,26.02.2018 17:00
134,APG-DUMMY-01---D,Stop of Intraday trading due to critical load flows,5a946bc7e4b0aeca1b7d5b65,BZN|HU,-,Capacity change due to intraday stop/system maintenance/system failure,Planned,400 (VARY),BZN|DE-AT-LU,No reasons,Active,AC Link,27.02.2018 20:00,27.02.2018 06:00
135,APG-DUMMY-01---D,Stop of Intraday trading due to critical load flows,5a9581eae4b0c23aa58aa2d9,BZN|HU,-,Capacity change due to intraday stop/system maintenance/system failure,Planned,385 (VARY),BZN|DE-AT-LU,No reasons,Active,AC Link,28.02.2018 09:00,28.02.2018 07:00
136,APG-DUMMY-01---D,Stop of Intraday trading due to critical load flows,5a9900afe4b0c23aa58f174b,BZN|HU,-,Capacity change due to intraday stop/system maintenance/system failure,Planned,400,BZN|DE-AT-LU,No reasons,Active,AC Link,02.03.2018 22:00,02.03.2018 17:00
137,10T-HU-SK-00001T,No comments,5a97f87ae4b0aeca1b81f2dd,BZN|SK,God-Levice,L_GOD-LEVICE,Forced,800,BZN|HU,Foreseen Maintenance,Active,AC Link,04.03.2018 15:00,04.03.2018 08:00
138,10T-HU-SK-00001T,No comments,5a97f8b8e4b0c23aa58dafbc,BZN|HU,God-Levice,L_GOD-LEVICE,Forced,800,BZN|SK,Foreseen Maintenance,Active,AC Link,04.03.2018 15:00,04.03.2018 08:00
139,APG-DUMMY-01---D,Stop of Intraday trading due to critical load flows,5a9cffbee4b0c23aa594382d,BZN|DE-AT-LU,-,Capacity change due to intraday stop/system maintenance/system failure,Planned,279 (VARY),BZN|HU,No reasons,Active,AC Link,05.03.2018 06:00,05.03.2018 00:00
140,APG-DUMMY-02---8,No comments,5a9d531ce4b006fda3a7986d,BZN|HU,-,Requested by partner TSO,Planned,600 (VARY),BZN|DE-AT-LU,Foreseen Maintenance,Active,AC Link,09.03.2018 20:00,05.03.2018 06:00
141,APG-DUMMY-02---8,No comments,5a9d5369e4b0aeca1b891ac8,BZN|DE-AT-LU,-,Requested by partner TSO,Planned,600,BZN|HU,Foreseen Maintenance,Active,AC Link,09.03.2018 20:00,05.03.2018 06:00
142,10T-HU-SK-00002R,No comments,5a994fb0e4b0aeca1b83ed87,BZN|SK,Gyor-Gabcikovo,L_GYOR-GABCIKOVO,Planned,600,BZN|HU,Foreseen Maintenance,Active,AC Link,09.03.2018 18:00,05.03.2018 07:00
143,10T-HU-SK-00002R,No comments,5a994fece4b04a37f42308b4,BZN|HU,Gyor-Gabcikovo,L_GYOR-GABCIKOVO,Planned,550,BZN|SK,Foreseen Maintenance,Active,AC Link,09.03.2018 18:00,05.03.2018 07:00
144,APG-DUMMY-01---D,Stop of Intraday trading due to critical load flows,5a9cff4fe4b04a37f4279f10,BZN|HU,-,Capacity change due to intraday stop/system maintenance/system failure,Planned,490 (VARY),BZN|DE-AT-LU,No reasons,Active,AC Link,05.03.2018 21:00,05.03.2018 07:00
145,APG-DUMMY-01---D,Stop of Intraday trading due to critical load flows,5a9de7aae4b0aeca1b89d439,BZN|HU,-,Capacity change due to intraday stop/system maintenance/system failure,Planned,266,BZN|DE-AT-LU,No reasons,Active,AC Link,06.03.2018 09:00,06.03.2018 07:00
146,APG-DUMMY-01---D,Stop of Intraday trading due to critical load flows,5a9f7086e4b006fda3b07917,BZN|HU,-,Capacity change due to intraday stop/system maintenance/system failure,Planned,241 (VARY),BZN|DE-AT-LU,No reasons,Active,AC Link,07.03.2018 11:00,07.03.2018 07:00
147,APG-DUMMY-02---8,Request by Partner-TSO,5a9f973ce4b0aeca1b8c08ab,BZN|DE-AT-LU,-,Requested by partner TSO,Planned,600,BZN|HU,No reasons,Active,AC Link,09.03.2018 00:00,08.03.2018 00:00
148,APG-DUMMY-02---8,"High transit flows expected, due to high generation forecast of renewable energy.",5a9ff7b3e4b04a37f42baa30,BZN|HU,-,Requested by partner TSO,Planned,500 (VARY),BZN|DE-AT-LU,No reasons,Active,AC Link,09.03.2018 18:00,08.03.2018 00:00
149,APG-DUMMY-01---D,Stop of Intraday trading due to critical load flows,5aa14f8be4b006fda3b852af,BZN|HU,-,Capacity change due to intraday stop/system maintenance/system failure,Planned,514 (VARY),BZN|DE-AT-LU,No reasons,Active,AC Link,09.03.2018 21:00,09.03.2018 17:00
150,APG-DUMMY-02---8,Request by Partner-TSO,5aa239f2e4b04a37f42ec39d,BZN|HU,-,Requested by partner TSO,Planned,600,BZN|DE-AT-LU,No reasons,Active,AC Link,11.03.2018 00:00,10.03.2018 00:00
151,APG-DUMMY-02---8,Request by Partner-TSO,5aa23a22e4b006fda3bbae2b,BZN|DE-AT-LU,-,Requested by partner TSO,Planned,600,BZN|HU,No reasons,Active,AC Link,11.03.2018 00:00,10.03.2018 00:00
152,APG-DUMMY-02---8,Expected critical power flows.,5aa293ece4b04a37f42f474b,BZN|DE-AT-LU,-,Requested by partner TSO,Planned,800 (VARY),BZN|HU,No reasons,Active,AC Link,12.03.2018 00:00,11.03.2018 00:00
153,APG-DUMMY-02---8,Request by Partner-TSO,5aa38d22e4b0c23aa59d2a37,BZN|HU,-,Requested by partner TSO,Planned,600,BZN|DE-AT-LU,No reasons,Active,AC Link,12.03.2018 00:00,11.03.2018 00:00
154,APG-DUMMY-02---8,Request by Partner-TSO,5aa38d62e4b04a37f430802f,BZN|DE-AT-LU,-,Requested by partner TSO,Planned,600,BZN|HU,No reasons,Active,AC Link,12.03.2018 00:00,11.03.2018 00:00
155,APG-DUMMY-02---8,Request by Partner-TSO,5aa4df1ee4b04a37f4322b43,BZN|HU,-,Requested by partner TSO,Planned,600,BZN|DE-AT-LU,No reasons,Active,AC Link,13.03.2018 00:00,12.03.2018 00:00
156,APG-DUMMY-02---8,Request by Partner-TSO,5aa4df59e4b0c23aa59ecffc,BZN|DE-AT-LU,-,Requested by partner TSO,Planned,600,BZN|HU,No reasons,Active,AC Link,13.03.2018 00:00,12.03.2018 00:00
157,APG-DUMMY-02---8,No comments,5aa5271ce4b0aeca1b937483,BZN|HU,-,Requested by partner TSO,Planned,650 (VARY),BZN|DE-AT-LU,Foreseen Maintenance,Active,AC Link,14.03.2018 00:00,12.03.2018 00:00
158,APG-DUMMY-01---D,Stop of Intraday trading due to critical load flows,5aa6df97e4b006fda3cea0ed,BZN|HU,-,Capacity change due to intraday stop/system maintenance/system failure,Planned,389 (VARY),BZN|DE-AT-LU,No reasons,Active,AC Link,12.03.2018 20:00,12.03.2018 07:00
159,APG-DUMMY-02---8,Request by Partner-TSO,5aa62e32e4b0aeca1b94bf5e,BZN|HU,-,Requested by partner TSO,Planned,600,BZN|DE-AT-LU,No reasons,Active,AC Link,14.03.2018 00:00,13.03.2018 00:00
160,APG-DUMMY-02---8,Request by Partner-TSO,5aa62e69e4b04a37f433dcac,BZN|DE-AT-LU,-,Requested by partner TSO,Planned,600,BZN|HU,No reasons,Active,AC Link,14.03.2018 00:00,13.03.2018 00:00
161,APG-DUMMY-01---D,Stop of Intraday trading due to critical load flows,5aa7d4dae4b04a37f436210b,BZN|DE-AT-LU,-,Capacity change due to intraday stop/system maintenance/system failure,Planned,504 (VARY),BZN|HU,No reasons,Active,AC Link,14.03.2018 00:00,13.03.2018 00:00
162,APG-DUMMY-02---8,Request by Partner-TSO,5aa780aae4b0c23aa5a24395,BZN|DE-AT-LU,-,Requested by partner TSO,Planned,500 (VARY),BZN|HU,No reasons,Active,AC Link,15.03.2018 00:00,14.03.2018 00:00
163,APG-DUMMY-02---8,Request by Partner-TSO,5aa780e0e4b006fda3d109e0,BZN|HU,-,Requested by partner TSO,Planned,600,BZN|DE-AT-LU,No reasons,Active,AC Link,15.03.2018 00:00,14.03.2018 00:00
164,APG-DUMMY-02---8,Expected critical power flows.,5aabc930d5de1dd707919022,BZN|DE-AT-LU,-,Requested by partner TSO,Planned,500 (VARY),BZN|HU,No reasons,Active,AC Link,19.03.2018 00:00,14.03.2018 00:00
165,APG-DUMMY-01---D,Stop of Intraday trading due to critical load flows,5aa82542e4b0c23aa5a334ce,BZN|HU,-,Capacity change due to intraday stop/system maintenance/system failure,Planned,140 (VARY),BZN|DE-AT-LU,No reasons,Active,AC Link,14.03.2018 12:00,14.03.2018 06:00
166,APG-DUMMY-02---8,Request by Partner-TSO,5aa8d0afe4b006fda3d6a834,BZN|HU,-,Requested by partner TSO,Planned,600 (VARY),BZN|DE-AT-LU,No reasons,Active,AC Link,16.03.2018 00:00,15.03.2018 00:00
167,APG-DUMMY-02---8,Request by Partner-TSO,5aa8d10ae4b04a37f4376cb5,BZN|DE-AT-LU,-,Requested by partner TSO,Planned,600,BZN|HU,No reasons,Active,AC Link,16.03.2018 00:00,15.03.2018 00:00
168,APG-DUMMY-02---8,"High transit flows expected, due to high generation forecast of renewable energy.",5aad104ed5de3952085b037e,BZN|HU,-,Requested by partner TSO,Planned,800 (VARY),BZN|DE-AT-LU,No reasons,Active,AC Link,20.03.2018 00:00,15.03.2018 00:00
169,APG-DUMMY-01---D,Stop of Intraday trading due to critical load flows,5aaa111ae4b006fda3db8ef1,BZN|DE-AT-LU,-,Capacity change due to intraday stop/system maintenance/system failure,Planned,391 (VARY),BZN|HU,No reasons,Active,AC Link,16.03.2018 00:00,15.03.2018 22:00
170,APG-DUMMY-01---D,Stop of Intraday trading due to critical load flows,5aabfb70d5de1dd7079210a3,BZN|DE-AT-LU,-,Capacity change due to intraday stop/system maintenance/system failure,Planned,508 (VARY),BZN|HU,No reasons,Active,AC Link,16.03.2018 06:00,16.03.2018 00:00
171,APG-DUMMY-01---D,Stop of Intraday trading due to critical load flows,5aabfb96d5de24fd7d271194,BZN|HU,-,Capacity change due to intraday stop/system maintenance/system failure,Planned,225 (VARY),BZN|DE-AT-LU,No reasons,Active,AC Link,17.03.2018 00:00,16.03.2018 07:00
172,APG-DUMMY-02---8,Request by Partner TSO,5aaa2344e4b0c23aa5a5b916,BZN|DE-AT-LU,-,Requested by partner TSO,Planned,600,BZN|HU,No reasons,Active,AC Link,17.03.2018 00:00,16.03.2018 08:00
173,APG-DUMMY-02---8,Request by Partner-TSO,5aae1758d5de3eec3e81bc18,BZN|DE-AT-LU,-,Requested by partner TSO,Planned,600,BZN|HU,No reasons,Active,AC Link,20.03.2018 00:00,19.03.2018 00:00
174,10T-AT-CZ-00003X,No comments,5ab27056d5de3393962bdbae,BZN|DE-AT-LU,Slavetice - Dürnrohr,Slavetice - Dürnrohr 437,Planned,600 (VARY),BZN|HU,Foreseen Maintenance,Active,AC Link,23.03.2018 20:00,19.03.2018 06:00
175,10T-AT-CZ-00003X,No comments,5ab27098d5defedea89b6456,BZN|HU,Slavetice - Dürnrohr,Slavetice - Dürnrohr 437,Planned,500 (VARY),BZN|DE-AT-LU,Foreseen Maintenance,Active,AC Link,23.03.2018 20:00,19.03.2018 06:00
176,APG-DUMMY-01---D,Stop of Intraday trading due to critical load flows,5aaf562bd5de24fd7d2dd8d0,BZN|HU,-,Capacity change due to intraday stop/system maintenance/system failure,Planned,290 (VARY),BZN|DE-AT-LU,No reasons,Active,AC Link,19.03.2018 22:00,19.03.2018 07:00
177,APG-DUMMY-01---D,Stop of Intraday trading due to critical load flows,5aaf5646d5de3952085f98a0,BZN|DE-AT-LU,-,Capacity change due to intraday stop/system maintenance/system failure,Planned,35 (VARY),BZN|HU,No reasons,Active,AC Link,19.03.2018 20:00,19.03.2018 07:00
178,APG-DUMMY-01---D,Stop of Intraday trading due to critical load flows,5ab0a2edd5dea659a9801fd5,BZN|DE-AT-LU,-,Capacity change due to intraday stop/system maintenance/system failure,Planned,245 (VARY),BZN|HU,No reasons,Active,AC Link,20.03.2018 06:00,20.03.2018 01:00
179,APG-DUMMY-01---D,Stop of Intraday trading due to critical load flows,5ab0a2e3d5dea659a9801fb7,BZN|HU,-,Capacity change due to intraday stop/system maintenance/system failure,Planned,296 (VARY),BZN|DE-AT-LU,No reasons,Active,AC Link,20.03.2018 22:00,20.03.2018 06:00
180,APG-DUMMY-02---8,Request by Partner-TSO,5ab0ba73d5defad0d56a45af,BZN|DE-AT-LU,-,Requested by partner TSO,Planned,600,BZN|HU,No reasons,Active,AC Link,22.03.2018 00:00,21.03.2018 00:00
181,APG-DUMMY-01---D,Stop of Intraday trading due to critical load flows,5ab1801bd5defedea8997ab8,BZN|DE-AT-LU,-,Capacity change due to intraday stop/system maintenance/system failure,Planned,334 (VARY),BZN|HU,No reasons,Active,AC Link,21.03.2018 06:00,21.03.2018 00:00
182,APG-DUMMY-01---D,Stop of Intraday trading due to critical load flows,5ab18022d5defad0d56c1d94,BZN|HU,-,Capacity change due to intraday stop/system maintenance/system failure,Planned,235 (VARY),BZN|DE-AT-LU,No reasons,Active,AC Link,21.03.2018 21:00,21.03.2018 07:00
183,APG-DUMMY-02---8,Request by Partner-TSO,5ab20b6bd5defedea89a7914,BZN|DE-AT-LU,-,Requested by partner TSO,Planned,600 (VARY),BZN|HU,No reasons,Active,AC Link,23.03.2018 00:00,22.03.2018 00:00
184,APG-DUMMY-01---D,Stop of Intraday trading due to critical load flows,5ab3e55fd5defedea89e6540,BZN|HU,-,Capacity change due to intraday stop/system maintenance/system failure,Planned,291 (VARY),BZN|DE-AT-LU,No reasons,Active,AC Link,22.03.2018 22:00,22.03.2018 19:00
185,APG-DUMMY-02---8,Request by Partner-TSO,5ab35ce7d5defedea89d2cb1,BZN|DE-AT-LU,-,Requested by partner TSO,Planned,600,BZN|HU,No reasons,Active,AC Link,24.03.2018 00:00,23.03.2018 00:00
186,APG-DUMMY-02---8,Request by Partner-TSO,5ab35d85d5defad0d5701503,BZN|HU,-,Requested by partner TSO,Planned,600,BZN|DE-AT-LU,No reasons,Active,AC Link,24.03.2018 00:00,23.03.2018 00:00
187,APG-DUMMY-01---D,Stop of Intraday trading due to critical load flows,5ab4bc81d5de339396304d19,BZN|HU,-,Capacity change due to intraday stop/system maintenance/system failure,Planned,35 (VARY),BZN|DE-AT-LU,No reasons,Active,AC Link,23.03.2018 22:00,23.03.2018 07:00
188,APG-DUMMY-02---8,Request by Partner-TSO,5ab4bcbbd5dea659a988a0ba,BZN|DE-AT-LU,-,Requested by partner TSO,Planned,600,BZN|HU,No reasons,Active,AC Link,25.03.2018 00:00,24.03.2018 00:00
189,APG-DUMMY-02---8,Request by Partner-TSO,5ab4bd23d5de339396304e2a,BZN|HU,-,Requested by partner TSO,Planned,600,BZN|DE-AT-LU,No reasons,Active,AC Link,25.03.2018 00:00,24.03.2018 00:00
190,APG-DUMMY-02---8,Expected critical power flows.,5ab5043ed5defedea8a09210,BZN|HU,-,Requested by partner TSO,Planned,600 (VARY),BZN|DE-AT-LU,No reasons,Active,AC Link,25.03.2018 16:00,24.03.2018 10:00
191,APG-DUMMY-02---8,Request by Partner TSO,5ab600bbd5defedea8a2867c,BZN|DE-AT-LU,-,Requested by partner TSO,Planned,600,BZN|HU,No reasons,Active,AC Link,26.03.2018 00:00,25.03.2018 00:00
192,APG-DUMMY-02---8,Request by Partner TSO,5ab600ffd5defad0d575d618,BZN|HU,-,Requested by partner TSO,Planned,600,BZN|DE-AT-LU,No reasons,Active,AC Link,25.03.2018 10:00,25.03.2018 00:00
193,APG-DUMMY-02---8,Request by Partner TSO,5ab60156d5dea659a98b39da,BZN|HU,-,Requested by partner TSO,Planned,600,BZN|DE-AT-LU,No reasons,Active,AC Link,26.03.2018 00:00,25.03.2018 16:00
194,APG-DUMMY-02---8,Request by Partner TSO,5ab743efd5defad0d5784d1a,BZN|DE-AT-LU,-,Requested by partner TSO,Planned,600,BZN|HU,No reasons,Active,AC Link,26.03.2018 06:00,26.03.2018 00:00
195,APG-DUMMY-02---8,Request by Partner TSO,5ab7443ad5defad0d5784e0c,BZN|HU,-,Requested by partner TSO,Planned,600,BZN|DE-AT-LU,No reasons,Active,AC Link,26.03.2018 06:00,26.03.2018 00:00
196,APG-DUMMY-02---8,No comments,5a43ca65e4b0ea4805756ffd,BZN|HU,-,Requested by partner TSO,Planned,600,BZN|DE-AT-LU,Foreseen Maintenance,Active,AC Link,29.03.2018 20:00,26.03.2018 06:00
197,APG-DUMMY-02---8,No comments,5a43cbffe4b0acbbfc4349b0,BZN|HU,-,Requested by partner TSO,Planned,600,BZN|DE-AT-LU,Foreseen Maintenance,Active,AC Link,30.03.2018 20:00,26.03.2018 06:00
198,10T-AT-HU-00004Q,No comments,5a69a794e4b0544e2d12663b,BZN|HU,AT-HU-VZD-SZOM380KV1,LVZD-SZOM380KV1,Planned,500,BZN|DE-AT-LU,Foreseen Maintenance,Active,AC Link,29.03.2018 20:00,26.03.2018 06:00
199,10T-AT-HU-00004Q,No comments,5a69a7a6e4b03bda88b6ca53,BZN|DE-AT-LU,AT-HU-VZD-SZOM380KV1,LVZD-SZOM380KV1,Planned,500,BZN|HU,Foreseen Maintenance,Active,AC Link,29.03.2018 20:00,26.03.2018 06:00
200,10T-SK-UA-00001W,No comments,5ab515b9d5defad0d573dbb0,BZN|HU,SK-UA,Vel'ke Kapusany - Mukacevo,Planned,1100,BZN|SK,Foreseen Maintenance,Active,AC Link,30.03.2018 18:00,26.03.2018 06:00
201,14T-220-0-0203AH,No comments,14T-220-0-0204AE,BZN|HU,Aschach-St.Peter,Aschach-St.Peter,Planned,400 (VARY),BZN|AT,Foreseen Maintenance,Active,AC Link,03.10.2018 00:00,26.03.2018 06:00
202,14T-220-0-0203AH,No comments,14T-220-0-0204AE,BZN|AT,Aschach-St.Peter,Aschach-St.Peter,Planned,600 (VARY),BZN|HU,Foreseen Maintenance,Active,AC Link,03.10.2018 00:00,26.03.2018 06:00
203,APG-DUMMY-02---8,"High transit flows expected, due to high generation forecast of renewable energy.",5ab668a9d5dea659a98c1224,BZN|HU,-,Requested by partner TSO,Planned,500,BZN|DE-AT-LU,No reasons,Active,AC Link,26.03.2018 17:00,26.03.2018 09:00
204,APG-DUMMY-02---8,Expected critical power flows.,5ab7b577d5defedea8a5b8ac,BZN|DE-AT-LU,-,Requested by partner TSO,Planned,400,BZN|HU,No reasons,Active,AC Link,27.03.2018 06:00,27.03.2018 00:00
205,14T-220-0-0203BF,No comments,5ab7b9fbd5defad0d57942ef,BZN|DE-AT-LU,Hausruck-Aschach,Hausruck-Aschach,Planned,400 (VARY),BZN|HU,Foreseen Maintenance,Active,AC Link,28.03.2018 00:00,27.03.2018 00:00
206,14T-220-0-0203BF,No comments,5ab7ba1dd5defad0d5794351,BZN|HU,Hausruck-Aschach,Hausruck-Aschach,Planned,400,BZN|DE-AT-LU,Foreseen Maintenance,Active,AC Link,28.03.2018 00:00,27.03.2018 00:00
207,APG-DUMMY-01---D,Stop of Intraday trading due to critical load flows,5ab90f2ad5defad0d57c2f9a,BZN|HU,-,Capacity change due to intraday stop/system maintenance/system failure,Planned,149 (VARY),BZN|DE-AT-LU,No reasons,Active,AC Link,27.03.2018 12:00,27.03.2018 06:00
208,APG-DUMMY-02---8,Expected critical power flows.,5ab7b904d5de33939635f186,BZN|HU,-,Requested by partner TSO,Planned,500,BZN|DE-AT-LU,No reasons,Active,AC Link,27.03.2018 17:00,27.03.2018 09:00
209,APG-DUMMY-01---D,Stop of Intraday trading due to critical load flows,5abc4141d5de54bd08ef7e65,BZN|HU,-,Capacity change due to intraday stop/system maintenance/system failure,Planned,160 (VARY),BZN|DE-AT-LU,No reasons,Active,AC Link,29.03.2018 21:00,29.03.2018 06:00
210,APG-DUMMY-01---D,Stop of Intraday trading due to critical load flows,5abd4a82d5de9367b0fc6b30,BZN|DE-AT-LU,-,Capacity change due to intraday stop/system maintenance/system failure,Planned,615 (VARY),BZN|HU,No reasons,Active,AC Link,31.03.2018 00:00,30.03.2018 17:00
211,APG-DUMMY-01---D,Stop of Intraday trading due to critical load flows,5abe8ee7d5de54bd08f4194b,BZN|DE-AT-LU,-,Capacity change due to intraday stop/system maintenance/system failure,Planned,410 (VARY),BZN|HU,No reasons,Active,AC Link,31.03.2018 08:00,31.03.2018 00:00
212,APG-DUMMY-02---8,Request by Partner-TSO,5abdddf7d5dec39ed73e77ea,BZN|DE-AT-LU,-,Requested by partner TSO,Planned,600,BZN|HU,No reasons,Active,AC Link,01.04.2018 00:00,31.03.2018 07:00
213,APG-DUMMY-02---8,Request by Partner-TSO,5abddd87d5de9367b0fd6d7f,BZN|HU,-,Requested by partner TSO,Planned,600,BZN|DE-AT-LU,No reasons,Active,AC Link,01.04.2018 00:00,31.03.2018 09:00
214,APG-DUMMY-02---8,Request by Partner-TSO,5abf2fa9d5de9367b0ffdb25,BZN|HU,-,Requested by partner TSO,Planned,600,BZN|DE-AT-LU,No reasons,Active,AC Link,02.04.2018 00:00,01.04.2018 00:00
215,APG-DUMMY-02---8,Request by Partner-TSO,5abf2faad5dec39ed740fab4,BZN|DE-AT-LU,-,Requested by partner TSO,Planned,600,BZN|HU,No reasons,Active,AC Link,02.04.2018 00:00,01.04.2018 00:00
216,APG-DUMMY-01---D,Stop of Intraday trading due to critical load flows,5ac0e252d5dec39ed7444cfa,BZN|DE-AT-LU,-,Capacity change due to intraday stop/system maintenance/system failure,Planned,685 (VARY),BZN|HU,No reasons,Active,AC Link,02.04.2018 00:00,01.04.2018 00:00
217,APG-DUMMY-02---8,Request by Partner-TSO,5ac0837bd5de99b3326b9a39,BZN|HU,-,Requested by partner TSO,Planned,600,BZN|DE-AT-LU,No reasons,Active,AC Link,03.04.2018 00:00,02.04.2018 00:00
218,APG-DUMMY-02---8,Request by Partner-TSO,5ac083add5de99b3326b9b46,BZN|DE-AT-LU,-,Requested by partner TSO,Planned,600,BZN|HU,No reasons,Active,AC Link,03.04.2018 00:00,02.04.2018 00:00
219,APG-DUMMY-01---D,Stop of Intraday trading due to critical load flows,5ac1db08d5dec39ed74624ce,BZN|DE-AT-LU,-,Capacity change due to intraday stop/system maintenance/system failure,Planned,708 (VARY),BZN|HU,No reasons,Active,AC Link,02.04.2018 22:00,02.04.2018 00:00
220,10T-HU-SR-00001A,Maintenance,5ac6172cd5de99d86e0965f1,BZN|RS,Sandorfalva-Subotica,L_SANDOR-SUBOTIC,Planned,0,BZN|HU,Foreseen Maintenance,Active,AC Link,04.04.2018 16:00,02.04.2018 07:00
221,10T-HU-SR-00001A,Maintenance,5ac6175ad5de1e45100d1f6b,BZN|HU,Sandorfalva-Subotica,L_SANDOR-SUBOTIC,Planned,0,BZN|RS,Foreseen Maintenance,Active,AC Link,04.04.2018 16:00,02.04.2018 07:00
222,APG-DUMMY-02---8,No comments,5a434486e4b085a6d76cea1f,BZN|HU,-,Requested by partner TSO,Planned,600,BZN|DE-AT-LU,Foreseen Maintenance,Active,AC Link,12.04.2018 20:00,03.04.2018 06:00
223,APG-DUMMY-01---D,Stop of Intraday trading due to critical load flows,5ac32ac6d5de9367b1076df6,BZN|HU,-,Capacity change due to intraday stop/system maintenance/system failure,Planned,450 (VARY),BZN|DE-AT-LU,No reasons,Active,AC Link,03.04.2018 21:00,03.04.2018 08:00
224,APG-DUMMY-01---D,Stop of Intraday trading due to critical load flows,5ac6da36d5de4cf955583661,BZN|HU,-,Capacity change due to intraday stop/system maintenance/system failure,Planned,175 (VARY),BZN|DE-AT-LU,No reasons,Active,AC Link,06.04.2018 10:00,06.04.2018 06:00
225,APG-DUMMY-02---8,Request by Partner-TSO,5ac86772d5de1e45101110fb,BZN|DE-AT-LU,-,Requested by partner TSO,Planned,500 (VARY),BZN|HU,No reasons,Active,AC Link,09.04.2018 00:00,08.04.2018 00:00
226,APG-DUMMY-01---D,Stop of Intraday trading due to critical load flows,5ac8fdaad5deb2350f59776b,BZN|DE-AT-LU,-,Capacity change due to intraday stop/system maintenance/system failure,Planned,231 (VARY),BZN|HU,No reasons,Active,AC Link,08.04.2018 16:00,08.04.2018 10:00
227,APG-DUMMY-01---D,Stop of Intraday trading due to critical load flows,5aca3cd4d5de99d86e1070bf,BZN|DE-AT-LU,-,Capacity change due to intraday stop/system maintenance/system failure,Planned,231 (VARY),BZN|HU,No reasons,Active,AC Link,08.04.2018 16:00,08.04.2018 10:00
228,APG-DUMMY-01---D,Stop of Intraday trading due to critical load flows,5acba33cd5de99d86e12cc80,BZN|HU,-,Capacity change due to intraday stop/system maintenance/system failure,Planned,50 (VARY),BZN|DE-AT-LU,No reasons,Active,AC Link,09.04.2018 21:00,09.04.2018 00:00
229,10T-AT-HU-00002U,No comments,10T-AT-HU-00001W,BZN|DE-AT-LU,Wien - Gyoer 1,L_WIEN-GYOR1,Planned,600,BZN|HU,Foreseen Maintenance,Active,AC Link,20.04.2018 20:00,09.04.2018 06:00
230,10T-AT-HU-00002U,No comments,10T-AT-HU-00001W,BZN|HU,Wien - Gyoer 1,L_WIEN-GYOR1,Planned,600,BZN|DE-AT-LU,Foreseen Maintenance,Active,AC Link,20.04.2018 20:00,09.04.2018 06:00
231,APG-DUMMY-01---D,Stop of Intraday trading due to critical load flows,5acf896ed5de99d86e1973e8,BZN|HU,-,Capacity change due to intraday stop/system maintenance/system failure,Planned,400 (VARY),BZN|DE-AT-LU,No reasons,Active,AC Link,12.04.2018 22:00,12.04.2018 20:00
232,APG-DUMMY-01---D,Stop of Intraday trading due to critical load flows,5ad09743d5de99d86e1af51b,BZN|HU,-,Capacity change due to intraday stop/system maintenance/system failure,Planned,325 (VARY),BZN|DE-AT-LU,No reasons,Active,AC Link,13.04.2018 23:00,13.04.2018 06:00
233,APG-DUMMY-01---D,Stop of Intraday trading due to critical load flows,5ad0974cd5de4cf9557e2aa1,BZN|DE-AT-LU,-,Capacity change due to intraday stop/system maintenance/system failure,Planned,72 (VARY),BZN|HU,No reasons,Active,AC Link,13.04.2018 23:00,13.04.2018 06:00
234,APG-DUMMY-01---D,Stop of Intraday trading due to critical load flows,5ad0caeed5de4cf9557f0c8d,BZN|HU,-,Capacity change due to intraday stop/system maintenance/system failure,Planned,175 (VARY),BZN|DE-AT-LU,No reasons,Active,AC Link,15.04.2018 00:00,14.04.2018 18:00
235,APG-DUMMY-01---D,Stop of Intraday trading due to critical load flows,5ad27f21d5de4cf9558547fe,BZN|DE-AT-LU,-,Capacity change due to intraday stop/system maintenance/system failure,Planned,655 (VARY),BZN|HU,No reasons,Active,AC Link,15.04.2018 09:00,15.04.2018 01:00
236,APG-DUMMY-01---D,Stop of Intraday trading due to critical load flows,5ad44c58d5deb2350f6aaed3,BZN|HU,-,Capacity change due to intraday stop/system maintenance/system failure,Planned,284 (VARY),BZN|DE-AT-LU,No reasons,Active,AC Link,16.04.2018 21:00,16.04.2018 07:00
237,APG-DUMMY-01---D,Stop of Intraday trading due to critical load flows,5ad4fe9fd5de1e451023ea26,BZN|HU,-,Capacity change due to intraday stop/system maintenance/system failure,Planned,220 (VARY),BZN|DE-AT-LU,No reasons,Active,AC Link,17.04.2018 22:00,17.04.2018 07:00
238,APG-DUMMY-01---D,Stop of Intraday trading due to critical load flows,5ad751a9d5deb2350f6eed02,BZN|HU,-,Capacity change due to intraday stop/system maintenance/system failure,Planned,279 (VARY),BZN|DE-AT-LU,No reasons,Active,AC Link,18.04.2018 09:00,18.04.2018 07:00
239,14T-380-0-00433L,No comments,5ad5f8cdd5de99d86e22c5a2,BZN|HU,Kronstorf-Duernrohr,Kronstorf-Duernrohr,Planned,700 (VARY),BZN|DE-AT-LU,Foreseen Maintenance,Active,AC Link,20.04.2018 00:00,19.04.2018 00:00
240,14T-380-0-00433L,No comments,5ad5f923d5de1e451025495b,BZN|DE-AT-LU,Kronstorf-Duernrohr,Kronstorf-Duernrohr,Planned,700 (VARY),BZN|HU,Foreseen Maintenance,Active,AC Link,20.04.2018 00:00,19.04.2018 00:00
241,APG-DUMMY-01---D,Stop of Intraday trading due to critical load flows,5ad76e1ad5deb2350f6f160f,BZN|HU,-,Capacity change due to intraday stop/system maintenance/system failure,Planned,308 (VARY),BZN|DE-AT-LU,No reasons,Active,AC Link,19.04.2018 22:00,19.04.2018 06:00
242,APG-DUMMY-01---D,Stop of Intraday trading due to critical load flows,5ad9f418d5de1e45102adc7b,BZN|HU,-,Capacity change due to intraday stop/system maintenance/system failure,Planned,205 (VARY),BZN|DE-AT-LU,No reasons,Active,AC Link,20.04.2018 21:00,20.04.2018 06:00
243,APG-DUMMY-01---D,Stop of Intraday trading due to critical load flows,5ada0577d5de4cf955a2eac6,BZN|HU,-,Capacity change due to intraday stop/system maintenance/system failure,Planned,215 (VARY),BZN|DE-AT-LU,No reasons,Active,AC Link,21.04.2018 22:00,21.04.2018 18:00
244,APG-DUMMY-01---D,Stop of Intraday trading due to critical load flows,5adb69d1d5de99d86e2ab32f,BZN|DE-AT-LU,-,Capacity change due to intraday stop/system maintenance/system failure,Planned,692 (VARY),BZN|HU,No reasons,Active,AC Link,22.04.2018 06:00,22.04.2018 02:00
245,APG-DUMMY-01---D,Stop of Intraday trading due to critical load flows,5adcc141d5deb2350f763b57,BZN|HU,-,Capacity change due to intraday stop/system maintenance/system failure,Planned,230 (VARY),BZN|DE-AT-LU,No reasons,Active,AC Link,24.04.2018 00:00,23.04.2018 06:00
246,APG-DUMMY-01---D,Stop of Intraday trading due to critical load flows,5addfca7d5deb2350f77e9c1,BZN|HU,-,Capacity change due to intraday stop/system maintenance/system failure,Planned,265 (VARY),BZN|DE-AT-LU,No reasons,Active,AC Link,24.04.2018 23:00,24.04.2018 18:00
247,APG-DUMMY-02---8,Request by Partner-TSO,5aded5b3d5de99d86e2f535b,BZN|DE-AT-LU,-,Requested by partner TSO,Planned,600,BZN|HU,No reasons,Active,AC Link,26.04.2018 00:00,25.04.2018 00:00
248,APG-DUMMY-02---8,Request by Partner-TSO,5ae02605d5deb2350f7ad7b2,BZN|DE-AT-LU,-,Requested by partner TSO,Planned,600,BZN|HU,No reasons,Active,AC Link,27.04.2018 00:00,26.04.2018 00:00
249,APG-DUMMY-01---D,Stop of Intraday trading due to critical load flows,5ae0b6acd5de4481f05b5451,BZN|HU,-,Capacity change due to intraday stop/system maintenance/system failure,Planned,295 (VARY),BZN|DE-AT-LU,No reasons,Active,AC Link,27.04.2018 00:00,26.04.2018 19:00
250,APG-DUMMY-02---8,Request by Partner-TSO,5ae173fcd5de8ff722a6f795,BZN|DE-AT-LU,-,Requested by partner TSO,Planned,600,BZN|HU,No reasons,Active,AC Link,28.04.2018 00:00,27.04.2018 00:00
251,APG-DUMMY-01---D,Stop of Intraday trading due to critical load flows,5ae2c391d5defc89d2f08b54,BZN|HU,-,Capacity change due to intraday stop/system maintenance/system failure,Planned,177 (VARY),BZN|DE-AT-LU,No reasons,Active,AC Link,28.04.2018 00:00,27.04.2018 00:00
252,APG-DUMMY-02---8,Request by Partner-TSO,5ae2c660d5de8ff722ac4195,BZN|DE-AT-LU,-,Requested by partner TSO,Planned,600,BZN|HU,No reasons,Active,AC Link,29.04.2018 00:00,28.04.2018 00:00
253,APG-DUMMY-01---D,Stop of Intraday trading due to critical load flows,5ae331e5d5de4325a1ae0be7,BZN|HU,-,Capacity change due to intraday stop/system maintenance/system failure,Planned,215 (VARY),BZN|DE-AT-LU,No reasons,Active,AC Link,29.04.2018 00:00,28.04.2018 18:00
254,APG-DUMMY-02---8,Request by Partner-TSO,5ae41773d5de4481f0600437,BZN|DE-AT-LU,-,Requested by partner TSO,Planned,600,BZN|HU,No reasons,Active,AC Link,30.04.2018 00:00,29.04.2018 00:00
255,APG-DUMMY-01---D,Stop of Intraday trading due to critical load flows,5ae4de67d5de4325a1b0227b,BZN|HU,-,Capacity change due to intraday stop/system maintenance/system failure,Planned,145,BZN|DE-AT-LU,No reasons,Active,AC Link,29.04.2018 06:00,29.04.2018 00:00
256,APG-DUMMY-02---8,Request by Partner-TSO,5ae56aadd5defc89d2f41d79,BZN|DE-AT-LU,-,Requested by partner TSO,Planned,600,BZN|HU,No reasons,Active,AC Link,01.05.2018 00:00,30.04.2018 00:00
257,APG-DUMMY-02---8,Request by Partner-TSO,5ae6b9aad5defc89d2f5be0c,BZN|DE-AT-LU,-,Requested by partner TSO,Planned,600,BZN|HU,No reasons,Active,AC Link,01.05.2018 00:00,30.04.2018 00:00
258,APG-DUMMY-02---8,Request by Partner-TSO,5ae6bb89d5de4481f06360eb,BZN|DE-AT-LU,-,Requested by partner TSO,Planned,600,BZN|HU,No reasons,Active,AC Link,02.05.2018 00:00,01.05.2018 00:00
259,APG-DUMMY-01---D,Stop of Intraday trading due to critical load flows,5ae76c7cd5defc89d2f6c3cb,BZN|DE-AT-LU,-,Capacity change due to intraday stop/system maintenance/system failure,Planned,10,BZN|HU,No reasons,Active,AC Link,01.05.2018 16:00,01.05.2018 08:00
260,APG-DUMMY-02---8,Request by Partner-TSO,5ae80aa8d5defc89d2f7881b,BZN|DE-AT-LU,-,Requested by partner TSO,Planned,600,BZN|HU,No reasons,Active,AC Link,03.05.2018 00:00,02.05.2018 00:00
261,10T-SK-UA-00001W,No comments,5ae318e0d5de4325a1ade295,BZN|HU,SK-UA,Vel'ke Kapusany - Mukacevo,Planned,1100,BZN|SK,Foreseen Maintenance,Active,AC Link,03.05.2018 18:00,02.05.2018 06:00
262,APG-DUMMY-01---D,Stop of Intraday trading due to critical load flows,5ae8b1b7d5de8ff722c28423,BZN|HU,-,Capacity change due to intraday stop/system maintenance/system failure,Planned,403 (VARY),BZN|DE-AT-LU,No reasons,Active,AC Link,03.05.2018 00:00,02.05.2018 06:00
263,APG-DUMMY-02---8,Request by Partner-TSO,5ae95c28d5de8ff722c4ca3b,BZN|DE-AT-LU,-,Requested by partner TSO,Planned,600,BZN|HU,No reasons,Active,AC Link,04.05.2018 00:00,03.05.2018 00:00
264,APG-DUMMY-01---D,Stop of Intraday trading due to critical load flows,5aeb3917d5de80649070543a,BZN|HU,-,Capacity change due to intraday stop/system maintenance/system failure,Planned,291 (VARY),BZN|DE-AT-LU,No reasons,Active,AC Link,04.05.2018 00:00,03.05.2018 06:00
265,APG-DUMMY-02---8,Request by Partner-TSO,5aeaadd6d5de5c09d5ebce27,BZN|DE-AT-LU,-,Requested by partner TSO,Planned,600,BZN|HU,No reasons,Active,AC Link,05.05.2018 00:00,04.05.2018 00:00
266,APG-DUMMY-01---D,Stop of Intraday trading due to critical load flows,5aeb38e5d5de8a1d120a6009,BZN|HU,-,Capacity change due to intraday stop/system maintenance/system failure,Planned,513 (VARY),BZN|DE-AT-LU,No reasons,Active,AC Link,05.05.2018 00:00,04.05.2018 06:00
267,APG-DUMMY-02---8,Request by Partner-TSO,5aec1603d5de5c09d5eded55,BZN|DE-AT-LU,-,Requested by partner TSO,Planned,600,BZN|HU,No reasons,Active,AC Link,06.05.2018 00:00,05.05.2018 00:00
268,APG-DUMMY-02---8,Request by Partner TSO,5aed51ded5de5c09d5efbd5f,BZN|DE-AT-LU,-,Requested by partner TSO,Planned,600,BZN|HU,No reasons,Active,AC Link,06.05.2018 19:00,06.05.2018 10:00
269,APG-DUMMY-01---D,Stop of Intraday trading due to critical load flows,5aef3353d5debbc4d64e8317,BZN|HU,-,Capacity change due to intraday stop/system maintenance/system failure,Planned,355 (VARY),BZN|DE-AT-LU,No reasons,Active,AC Link,07.05.2018 22:00,07.05.2018 07:00
270,APG-DUMMY-01---D,Stop of Intraday trading due to critical load flows,5af04649d5de8a1d1211a2a2,BZN|HU,-,Capacity change due to intraday stop/system maintenance/system failure,Planned,355 (VARY),BZN|DE-AT-LU,No reasons,Active,AC Link,07.05.2018 22:00,07.05.2018 07:00
271,APG-DUMMY-02---8,Request by Partner TSO,5aeea2c7d5de8a1d120f0b33,BZN|DE-AT-LU,-,Requested by partner TSO,Planned,600,BZN|HU,No reasons,Active,AC Link,07.05.2018 19:00,07.05.2018 10:00
272,APG-DUMMY-02---8,Request by Partner TSO,5aeff602d5de8a1d1210beda,BZN|DE-AT-LU,-,Requested by partner TSO,Planned,600,BZN|HU,No reasons,Active,AC Link,08.05.2018 18:00,08.05.2018 06:00
273,APG-DUMMY-01---D,Stop of Intraday trading due to critical load flows,5af06e16d5debbc4d6541479,BZN|HU,-,Capacity change due to intraday stop/system maintenance/system failure,Planned,310 (VARY),BZN|DE-AT-LU,No reasons,Active,AC Link,08.05.2018 22:00,08.05.2018 06:00
274,APG-DUMMY-01---D,Stop of Intraday trading due to critical load flows,5af12944d5debbc4d65715d5,BZN|HU,-,Capacity change due to intraday stop/system maintenance/system failure,Planned,310 (VARY),BZN|DE-AT-LU,No reasons,Active,AC Link,08.05.2018 22:00,08.05.2018 06:00
275,APG-DUMMY-02---8,Expected critical power flows.,5af1a9acd5de8a1d1213a91c,BZN|HU,-,Requested by partner TSO,Planned,650 (VARY),BZN|DE-AT-LU,No reasons,Active,AC Link,11.05.2018 00:00,09.05.2018 00:00
276,APG-DUMMY-01---D,Stop of Intraday trading due to critical load flows,5af1c03cd5de8064907a2c94,BZN|HU,-,Capacity change due to intraday stop/system maintenance/system failure,Planned,344 (VARY),BZN|DE-AT-LU,No reasons,Active,AC Link,09.05.2018 22:00,09.05.2018 06:00
277,APG-DUMMY-01---D,Stop of Intraday trading due to critical load flows,5af4aff0d5de8064907e59b1,BZN|HU,-,Capacity change due to intraday stop/system maintenance/system failure,Planned,484 (VARY),BZN|DE-AT-LU,No reasons,Active,AC Link,12.05.2018 00:00,11.05.2018 06:00
278,APG-DUMMY-01---D,Stop of Intraday trading due to critical load flows,5af92676d5de806490844a4f,BZN|HU,-,Capacity change due to intraday stop/system maintenance/system failure,Planned,550 (VARY),BZN|DE-AT-LU,No reasons,Active,AC Link,14.05.2018 22:00,14.05.2018 07:00
279,APG-DUMMY-01---D,Stop of Intraday trading due to critical load flows,5afa7b58d5de8a1d121f3fb8,BZN|HU,-,Capacity change due to intraday stop/system maintenance/system failure,Planned,496 (VARY),BZN|DE-AT-LU,No reasons,Active,AC Link,16.05.2018 00:00,15.05.2018 06:00
280,APG-DUMMY-01---D,Stop of Intraday trading due to critical load flows,5afbb3e4d5de806490880558,BZN|HU,-,Capacity change due to intraday stop/system maintenance/system failure,Planned,401 (VARY),BZN|DE-AT-LU,No reasons,Active,AC Link,17.05.2018 00:00,16.05.2018 06:00
281,APG-DUMMY-01---D,Stop of Intraday trading due to critical load flows,5afd1821d5de14f7a338907b,BZN|HU,-,Capacity change due to intraday stop/system maintenance/system failure,Planned,500 (VARY),BZN|DE-AT-LU,No reasons,Active,AC Link,18.05.2018 00:00,17.05.2018 06:00
282,APG-DUMMY-02---8,Request by Partner-TSO,5afd22a1d5de14f7a338a095,BZN|DE-AT-LU,-,Requested by partner TSO,Planned,600,BZN|HU,No reasons,Active,AC Link,19.05.2018 00:00,18.05.2018 07:00
283,APG-DUMMY-01---D,Stop of Intraday trading due to critical load flows,5afe6c86d5deebdb97f78996,BZN|HU,-,Capacity change due to intraday stop/system maintenance/system failure,Planned,350 (VARY),BZN|DE-AT-LU,No reasons,Active,AC Link,19.05.2018 00:00,18.05.2018 07:00
284,APG-DUMMY-01---D,Stop of Intraday trading due to critical load flows,5b0064e3d5de125d759779b0,BZN|HU,-,Capacity change due to intraday stop/system maintenance/system failure,Planned,402 (VARY),BZN|DE-AT-LU,No reasons,Active,AC Link,20.05.2018 00:00,19.05.2018 06:00
285,APG-DUMMY-02---8,No comments,5a434ea6e4b085a6d76d016b,BZN|HU,-,Requested by partner TSO,Planned,500,BZN|DE-AT-LU,Foreseen Maintenance,Active,AC Link,25.05.2018 20:00,21.05.2018 06:00
286,APG-DUMMY-02---8,No comments,5a434eb4e4b023ed9b9f3e3f,BZN|DE-AT-LU,-,Requested by partner TSO,Planned,500,BZN|HU,Foreseen Maintenance,Active,AC Link,25.05.2018 20:00,21.05.2018 06:00
287,10T-HU-SK-00001T,No comments,5afee0b8d5de52d16669702a,BZN|HU,God-Levice,L_GOD-LEVICE,Planned,700,BZN|SK,Foreseen Maintenance,Active,AC Link,25.05.2018 18:00,21.05.2018 07:00
288,10T-HU-SK-00001T,No comments,5afee0fed5def4f46a77ebe9,BZN|SK,God-Levice,L_GOD-LEVICE,Planned,700,BZN|HU,Foreseen Maintenance,Active,AC Link,25.05.2018 18:00,21.05.2018 07:00
289,APG-DUMMY-01---D,Stop of Intraday trading due to critical load flows,5b0323c1d5de125d75a235fd,BZN|HU,-,Capacity change due to intraday stop/system maintenance/system failure,Planned,500 (VARY),BZN|DE-AT-LU,No reasons,Active,AC Link,22.05.2018 22:00,22.05.2018 06:00
290,APG-DUMMY-01---D,Stop of Intraday trading due to critical load flows,5b04a3c9d5de67fe596c336d,BZN|HU,-,Capacity change due to intraday stop/system maintenance/system failure,Planned,500 (VARY),BZN|DE-AT-LU,No reasons,Active,AC Link,23.05.2018 23:00,23.05.2018 06:00
291,APG-DUMMY-01---D,Stop of Intraday trading due to critical load flows,5b05cf69d5de67fe596db3b1,BZN|HU,-,Capacity change due to intraday stop/system maintenance/system failure,Planned,400 (VARY),BZN|DE-AT-LU,No reasons,Active,AC Link,24.05.2018 22:00,24.05.2018 06:00
292,APG-DUMMY-01---D,Stop of Intraday trading due to critical load flows,5b0797a0d5deab8cf4660d2e,BZN|HU,-,Capacity change due to intraday stop/system maintenance/system failure,Planned,500 (VARY),BZN|DE-AT-LU,No reasons,Active,AC Link,25.05.2018 23:00,25.05.2018 06:00
293,APG-DUMMY-02---8,Request by Partner-TSO,5b07af18d5de22792b46e0c6,BZN|HU,-,Requested by partner TSO,Planned,600 (VARY),BZN|DE-AT-LU,No reasons,Active,AC Link,27.05.2018 00:00,26.05.2018 00:00
294,APG-DUMMY-02---8,Request by Partner-TSO,5b07af4fd5de920dcb40db81,BZN|DE-AT-LU,-,Requested by partner TSO,Planned,500 (VARY),BZN|HU,No reasons,Active,AC Link,27.05.2018 00:00,26.05.2018 00:00
295,APG-DUMMY-02---8,Request by Partner-TSO,5b0900a4d5de22792b4c3056,BZN|DE-AT-LU,-,Requested by partner TSO,Planned,600,BZN|HU,No reasons,Active,AC Link,28.05.2018 00:00,27.05.2018 00:00
296,APG-DUMMY-02---8,Request by Partner-TSO,5b0900b9d5deab8cf4681e2b,BZN|HU,-,Requested by partner TSO,Planned,600,BZN|DE-AT-LU,No reasons,Active,AC Link,28.05.2018 00:00,27.05.2018 00:00
297,APG-DUMMY-02---8,Request by Partner-TSO,5b0a5218d5de920dcb446efc,BZN|HU,-,Requested by partner TSO,Planned,600,BZN|DE-AT-LU,No reasons,Active,AC Link,28.05.2018 06:00,28.05.2018 00:00
298,APG-DUMMY-02---8,No comments,5a43502de4b023ed9b9f40fa,BZN|HU,-,Requested by partner TSO,Planned,600,BZN|DE-AT-LU,Foreseen Maintenance,Active,AC Link,08.06.2018 20:00,28.05.2018 06:00
299,APG-DUMMY-02---8,No comments,5a435073e4b0ea4805735974,BZN|DE-AT-LU,-,Requested by partner TSO,Planned,600,BZN|HU,Foreseen Maintenance,Active,AC Link,08.06.2018 20:00,28.05.2018 06:00
300,APG-DUMMY-01---D,Stop of Intraday trading due to critical load flows,5b0aba96d5de30194cf59399,BZN|HU,-,Capacity change due to intraday stop/system maintenance/system failure,Planned,357 (VARY),BZN|DE-AT-LU,No reasons,Active,AC Link,28.05.2018 21:00,28.05.2018 07:00
301,APG-DUMMY-01---D,Stop of Intraday trading due to critical load flows,5b0d791ed5de30194cf9f1c9,BZN|HU,-,Capacity change due to intraday stop/system maintenance/system failure,Planned,547 (VARY),BZN|DE-AT-LU,No reasons,Active,AC Link,30.05.2018 23:00,30.05.2018 07:00
302,APG-DUMMY-01---D,Stop of Intraday trading due to critical load flows,5b10314cd5deab8cf47457ca,BZN|HU,-,Capacity change due to intraday stop/system maintenance/system failure,Planned,418 (VARY),BZN|DE-AT-LU,No reasons,Active,AC Link,01.06.2018 23:00,01.06.2018 06:00
303,APG-DUMMY-01---D,Stop of Intraday trading due to critical load flows,5b143d5fd5de30194d057d1d,BZN|HU,-,Capacity change due to intraday stop/system maintenance/system failure,Planned,390 (VARY),BZN|DE-AT-LU,No reasons,Active,AC Link,04.06.2018 22:00,04.06.2018 06:00
304,APG-DUMMY-01---D,Stop of Intraday trading due to critical load flows,5b163864d5de22792b8353ef,BZN|HU,-,Capacity change due to intraday stop/system maintenance/system failure,Planned,400 (VARY),BZN|DE-AT-LU,No reasons,Active,AC Link,05.06.2018 21:00,05.06.2018 07:00
305,APG-DUMMY-01---D,Stop of Intraday trading due to critical load flows,5b16ee04d5de30194d09b290,BZN|HU,-,Capacity change due to intraday stop/system maintenance/system failure,Planned,400 (VARY),BZN|DE-AT-LU,No reasons,Active,AC Link,06.06.2018 22:00,06.06.2018 07:00
306,APG-DUMMY-01---D,Stop of Intraday trading due to critical load flows,5b184273d5de920dcb5b8f60,BZN|HU,-,Capacity change due to intraday stop/system maintenance/system failure,Planned,227 (VARY),BZN|DE-AT-LU,No reasons,Active,AC Link,07.06.2018 22:00,07.06.2018 07:00
307,APG-DUMMY-01---D,Stop of Intraday trading due to critical load flows,5b1976b8d5de920dcb5d411f,BZN|HU,-,Capacity change due to intraday stop/system maintenance/system failure,Planned,400 (VARY),BZN|DE-AT-LU,No reasons,Active,AC Link,08.06.2018 21:00,08.06.2018 07:00
308,APG-DUMMY-02---8,No comments,5a534e54e4b02d170e68db9b,BZN|HU,-,Requested by partner TSO,Planned,600,BZN|DE-AT-LU,Foreseen Maintenance,Active,AC Link,20.06.2018 20:00,11.06.2018 06:00
309,10T-CZ-SK-00005Q,No comments,5b1a941bd5de30194d0f0473,BZN|HU,CZ-SK,Sokolnice-Stupava,Planned,1050,BZN|SK,Foreseen Maintenance,Active,AC Link,14.06.2018 16:00,11.06.2018 07:00
310,APG-DUMMY-01---D,Stop of Intraday trading due to critical load flows,5b1d72d6d5de920dcb63fcd4,BZN|HU,-,Capacity change due to intraday stop/system maintenance/system failure,Planned,500 (VARY),BZN|DE-AT-LU,No reasons,Active,AC Link,11.06.2018 22:00,11.06.2018 07:00
311,APG-DUMMY-01---D,Stop of Intraday trading due to critical load flows,5b1edccdd5de5c9e9e17c73f,BZN|HU,-,Capacity change due to intraday stop/system maintenance/system failure,Planned,300 (VARY),BZN|DE-AT-LU,No reasons,Active,AC Link,12.06.2018 20:00,12.06.2018 07:00
312,14T-380-0-004763,No comments,5a534ea9e4b0d9932147fdea,BZN|HU,Kainachtal-Suedburgenland,Kainachtal-Suedburgenland,Planned,700,BZN|DE-AT-LU,Foreseen Maintenance,Active,AC Link,13.06.2018 20:00,13.06.2018 06:00
313,APG-DUMMY-01---D,Stop of Intraday trading due to critical load flows,5b2053f3d5de5c9e9e1ad89a,BZN|HU,-,Capacity change due to intraday stop/system maintenance/system failure,Planned,300,BZN|DE-AT-LU,No reasons,Active,AC Link,13.06.2018 15:00,13.06.2018 07:00
314,APG-DUMMY-01---D,Stop of Intraday trading due to critical load flows,5b212854d5de5c9e9e1d9ba2,BZN|HU,-,Capacity change due to intraday stop/system maintenance/system failure,Planned,293 (VARY),BZN|DE-AT-LU,No reasons,Active,AC Link,14.06.2018 23:00,14.06.2018 06:00
315,10T-CZ-SK-00005Q,No comments,5b1a946bd5de920dcb5f1764,BZN|HU,CZ-SK,Sokolnice-Stupava,Planned,1050,BZN|SK,Foreseen Maintenance,Active,AC Link,20.06.2018 18:00,14.06.2018 16:00
316,APG-DUMMY-01---D,Stop of Intraday trading due to critical load flows,5b22a8b5d5de85e2ab418ae7,BZN|HU,-,Capacity change due to intraday stop/system maintenance/system failure,Planned,450 (VARY),BZN|DE-AT-LU,No reasons,Active,AC Link,15.06.2018 23:00,15.06.2018 06:00
317,10T-CZ-SK-00005Q,No comments,5b23ae25d5de85e2ab42e0f2,BZN|HU,CZ-SK,Sokolnice-Stupava,Planned,1250,BZN|SK,Foreseen Maintenance,Active,AC Link,20.06.2018 18:00,18.06.2018 00:00
318,APG-DUMMY-01---D,Stop of Intraday trading due to critical load flows,5b26abb7d5de85e2ab46e1f7,BZN|HU,-,Capacity change due to intraday stop/system maintenance/system failure,Planned,440 (VARY),BZN|DE-AT-LU,No reasons,Active,AC Link,18.06.2018 22:00,18.06.2018 06:00
319,APG-DUMMY-01---D,Stop of Intraday trading due to critical load flows,5b290ac4d5de2a87ce6bfb59,BZN|HU,-,Capacity change due to intraday stop/system maintenance/system failure,Planned,400 (VARY),BZN|DE-AT-LU,No reasons,Active,AC Link,20.06.2018 00:00,19.06.2018 10:00
320,APG-DUMMY-01---D,Stop of Intraday trading due to critical load flows,5b2946e9d5de2a87ce6c6ccf,BZN|HU,-,Capacity change due to intraday stop/system maintenance/system failure,Planned,500 (VARY),BZN|DE-AT-LU,No reasons,Active,AC Link,20.06.2018 23:00,20.06.2018 06:00
321,APG-DUMMY-01---D,Stop of Intraday trading due to critical load flows,5b2afe53d5de1cec3b6a16bf,BZN|HU,-,Capacity change due to intraday stop/system maintenance/system failure,Planned,500 (VARY),BZN|DE-AT-LU,No reasons,Active,AC Link,21.06.2018 10:00,21.06.2018 07:00
322,APG-DUMMY-01---D,Stop of Intraday trading due to critical load flows,5b2fa1abd5de2a87ce771cc6,BZN|HU,-,Capacity change due to intraday stop/system maintenance/system failure,Planned,500,BZN|DE-AT-LU,No reasons,Active,AC Link,24.06.2018 22:00,24.06.2018 21:00
323,10T-AT-CZ-00003X,No comments,5a534f99e4b0544e2cf4a44c,BZN|HU,Slavetice - Dürnrohr,Slavetice - Dürnrohr 437,Planned,500,BZN|DE-AT-LU,Foreseen Maintenance,Active,AC Link,29.06.2018 20:00,25.06.2018 06:00
324,APG-DUMMY-01---D,Stop of Intraday trading due to critical load flows,5b313254d5de1b8608c25bbd,BZN|HU,-,Capacity change due to intraday stop/system maintenance/system failure,Planned,400 (VARY),BZN|DE-AT-LU,No reasons,Active,AC Link,25.06.2018 22:00,25.06.2018 06:00
325,APG-DUMMY-01---D,Stop of Intraday trading due to critical load flows,5b313246d5de1b8608c25b94,BZN|DE-AT-LU,-,Capacity change due to intraday stop/system maintenance/system failure,Planned,0,BZN|HU,No reasons,Active,AC Link,25.06.2018 22:00,25.06.2018 20:00
326,APG-DUMMY-01---D,Stop of Intraday trading due to critical load flows,5b313813d5de2a87ce7a12f1,BZN|HU,-,Capacity change due to intraday stop/system maintenance/system failure,Planned,288 (VARY),BZN|DE-AT-LU,No reasons,Active,AC Link,26.06.2018 22:00,26.06.2018 07:00
327,APG-DUMMY-01---D,Stop of Intraday trading due to critical load flows,5b32a18dd5dea0dc234614b6,BZN|HU,-,Capacity change due to intraday stop/system maintenance/system failure,Planned,340 (VARY),BZN|DE-AT-LU,No reasons,Active,AC Link,27.06.2018 22:00,27.06.2018 06:00
328,APG-DUMMY-01---D,Stop of Intraday trading due to critical load flows,5b34e7aed5de66dc2ee59859,BZN|HU,-,Capacity change due to intraday stop/system maintenance/system failure,Planned,275 (VARY),BZN|DE-AT-LU,No reasons,Active,AC Link,29.06.2018 00:00,28.06.2018 07:00
329,APG-DUMMY-01---D,Stop of Intraday trading due to critical load flows,5b34fb69d5dea0dc234d5404,BZN|HU,-,Capacity change due to intraday stop/system maintenance/system failure,Planned,265 (VARY),BZN|DE-AT-LU,No reasons,Active,AC Link,30.06.2018 00:00,29.06.2018 07:00
330,APG-DUMMY-01---D,Stop of Intraday trading due to critical load flows,5b36c58fd5de9b8566321a0d,BZN|DE-AT-LU,-,Capacity change due to intraday stop/system maintenance/system failure,Planned,216 (VARY),BZN|HU,No reasons,Active,AC Link,30.06.2018 18:00,30.06.2018 00:00
331,APG-DUMMY-01---D,Stop of Intraday trading due to critical load flows,5b39b9e9d5dea0dc235b3cd6,BZN|HU,-,Capacity change due to intraday stop/system maintenance/system failure,Planned,290 (VARY),BZN|DE-AT-LU,No reasons,Active,AC Link,02.07.2018 22:00,02.07.2018 18:00
332,APG-DUMMY-01---D,Stop of Intraday trading due to critical load flows,5b3b0267d5de2d0acde70102,BZN|HU,-,Capacity change due to intraday stop/system maintenance/system failure,Planned,242 (VARY),BZN|DE-AT-LU,No reasons,Active,AC Link,03.07.2018 22:00,03.07.2018 07:00
333,APG-DUMMY-01---D,Stop of Intraday trading due to critical load flows,5b3bc711d5de2d0acde80a46,BZN|HU,-,Capacity change due to intraday stop/system maintenance/system failure,Planned,184 (VARY),BZN|DE-AT-LU,No reasons,Active,AC Link,04.07.2018 22:00,04.07.2018 07:00
334,10T-PL-SK-00001W,No comments,5b36329ed5de66dc2ee75422,BZN|HU,PL-SK,Krosno-Lemesany 1 (V477),Planned,1200,BZN|SK,Foreseen Maintenance,Active,AC Link,08.07.2018 19:00,08.07.2018 07:00
335,APG-DUMMY-01---D,Stop of Intraday trading due to critical load flows,5b443337d5dea0dc237ba705,BZN|HU,-,Capacity change due to intraday stop/system maintenance/system failure,Planned,195 (VARY),BZN|DE-AT-LU,No reasons,Active,AC Link,10.07.2018 19:00,10.07.2018 07:00
336,APG-DUMMY-01---D,Stop of Intraday trading due to critical load flows,5b44fed0d5dece0e7e0c73cf,BZN|HU,-,Capacity change due to intraday stop/system maintenance/system failure,Planned,230 (VARY),BZN|DE-AT-LU,No reasons,Active,AC Link,11.07.2018 21:00,11.07.2018 07:00
337,APG-DUMMY-01---D,Stop of Intraday trading due to critical load flows,5b46cd97d5deb1bc4f6f7e19,BZN|HU,-,Capacity change due to intraday stop/system maintenance/system failure,Planned,298 (VARY),BZN|DE-AT-LU,No reasons,Active,AC Link,12.07.2018 21:00,12.07.2018 07:00
338,APG-DUMMY-01---D,Stop of Intraday trading due to critical load flows,5b47c04ed5de4167f6440217,BZN|HU,-,Capacity change due to intraday stop/system maintenance/system failure,Planned,192,BZN|DE-AT-LU,No reasons,Active,AC Link,13.07.2018 09:00,13.07.2018 08:00
339,APG-DUMMY-01---D,Stop of Intraday trading due to critical load flows,5b4cd1f5d5dead09a0a61857,BZN|HU,-,Capacity change due to intraday stop/system maintenance/system failure,Planned,325 (VARY),BZN|DE-AT-LU,No reasons,Active,AC Link,17.07.2018 00:00,16.07.2018 07:00
340,APG-DUMMY-01---D,Stop of Intraday trading due to critical load flows,5b4cc448d5de886ced9bd0ed,BZN|HU,-,Capacity change due to intraday stop/system maintenance/system failure,Planned,288 (VARY),BZN|DE-AT-LU,No reasons,Active,AC Link,17.07.2018 21:00,17.07.2018 07:00
341,APG-DUMMY-01---D,Stop of Intraday trading due to critical load flows,5b4cc45cd5dee3a4a4e203a0,BZN|DE-AT-LU,-,Capacity change due to intraday stop/system maintenance/system failure,Planned,0 (VARY),BZN|HU,No reasons,Active,AC Link,17.07.2018 18:00,17.07.2018 10:00
342,APG-DUMMY-01---D,Stop of Intraday trading due to critical load flows,5b4edd60d5dee3a4a4e58fd5,BZN|HU,-,Capacity change due to intraday stop/system maintenance/system failure,Planned,441 (VARY),BZN|DE-AT-LU,No reasons,Active,AC Link,18.07.2018 22:00,18.07.2018 19:00
343,APG-DUMMY-01---D,Stop of Intraday trading due to critical load flows,5b4f6837d5dead09a0a9db9b,BZN|HU,-,Capacity change due to intraday stop/system maintenance/system failure,Planned,296 (VARY),BZN|DE-AT-LU,No reasons,Active,AC Link,19.07.2018 21:00,19.07.2018 07:00
344,APG-DUMMY-01---D,Stop of Intraday trading due to critical load flows,5b50e188623a72a7baa090d8,BZN|HU,-,Capacity change due to intraday stop/system maintenance/system failure,Planned,200 (VARY),BZN|DE-AT-LU,No reasons,Active,AC Link,20.07.2018 21:00,20.07.2018 09:00
345,14T-380-0-00451J,No comments,5b5b25013991bd65d29a7936,BZN|HU,Tauern-Lienz,Tauern-Lienz 451,Planned,700 (VARY),BZN|DE-AT-LU,Foreseen Maintenance,Active,AC Link,01.08.2018 20:00,30.07.2018 06:00
346,14T-220-0-0266AL,No comments,5b5b27fa623a728da59d2aa3,BZN|HU,Lienz-Greuth,Lienz-Greuth,Planned,700,BZN|DE-AT-LU,Foreseen Maintenance,Active,AC Link,02.08.2018 20:00,02.08.2018 06:00
347,10T-AT-HU-00003S,No comments,5b6d6949e32fa6f9caad7a57,BZN|HU,380kV tie-line Zurndorf-Györ,380kV tie-line Zurndorf-Györ,Planned,500,BZN|DE-AT-LU,Foreseen Maintenance,Active,AC Link,14.08.2018 15:00,14.08.2018 09:00
348,10T-AT-HU-00003S,No comments,5b6d697be32fa6f9caad7bf6,BZN|DE-AT-LU,380kV tie-line Zurndorf-Györ,380kV tie-line Zurndorf-Györ,Planned,500,BZN|HU,Foreseen Maintenance,Active,AC Link,14.08.2018 15:00,14.08.2018 09:00
349,10T-AT-HU-00004Q,No comments,5b30b62ad5de2a87ce78e753,BZN|HU,380kV tie-line Zurndorf-Szombathely,380kV tie-line Zurndorf-Szombathely,Planned,500 (VARY),BZN|DE-AT-LU,Foreseen Maintenance,Active,AC Link,07.09.2018 20:00,27.08.2018 06:00
350,10T-AT-HU-00004Q,No comments,5b30b65bd5de2a87ce78e828,BZN|DE-AT-LU,380kV tie-line Zurndorf-Szombathely,380kV tie-line Zurndorf-Szombathely,Planned,500 (VARY),BZN|HU,Foreseen Maintenance,Active,AC Link,07.09.2018 20:00,27.08.2018 06:00
351,14T-220-0-0267BG,No comments,5b7fdbf666a5b7c37610218f,BZN|HU,Rosegg-Obersielach,Rosegg-Obersielach,Planned,700,BZN|DE-AT-LU,Foreseen Maintenance,Active,AC Link,27.08.2018 20:00,27.08.2018 06:00
352,10T-AT-CZ-00003X,No comments,5b76acc866a5b7c37600fc8c,BZN|HU,Slavetice - Dürnrohr,Slavetice - Dürnrohr 437,Planned,500,BZN|DE-AT-LU,Foreseen Maintenance,Active,AC Link,04.09.2018 20:00,03.09.2018 06:00
353,10T-AT-DE-000045,No comments,5b990efe3991bd1cd347e80a,BZN|HU,St. Peter - Simbach,St. Peter - Simbach 230,Planned,400,BZN|DE-AT-LU,Foreseen Maintenance,Active,AC Link,14.09.2018 00:00,10.09.2018 07:00
354,10T-AT-CZ-00004V,No comments,5b598a4166a5b7570afe3c04,BZN|HU,Slavetice - Dürnrohr,Slavetice - Dürnrohr 438,Planned,500,BZN|DE-AT-LU,Foreseen Maintenance,Active,AC Link,17.09.2018 20:00,17.09.2018 06:00
355,14T-38220-OS0413,No comments,OS RHU42,BZN|HU,14T-38220-OS0421,Obersielach,Planned,300,BZN|DE-AT-LU,Foreseen Maintenance,Active,OS RHU41,17.09.2018 20:00,17.09.2018 06:00
356,10T-AT-CZ-00004V,No comments,5b598b8b623a728da59ace3f,BZN|HU,Slavetice - Dürnrohr,Slavetice - Dürnrohr 438,Planned,500 (VARY),BZN|DE-AT-LU,Foreseen Maintenance,Active,AC Link,21.09.2018 20:00,19.09.2018 06:00
357,APG-DUMMY-02---8,No comments,5a3ea9f2e4b023ed9b9928a9,BZN|HU,-,Requested by partner TSO,Planned,600,BZN|DE-AT-LU,Foreseen Maintenance,Active,AC Link,02.10.2018 20:00,21.09.2018 06:00
358,14T-220-0-00414T,No comments,5b9b953266a5b7abdbc6a91d,BZN|HU,Silz-Westtirol 414,Silz-Westtirol 414,Planned,300,BZN|DE-AT-LU,Foreseen Maintenance,Active,AC Link,21.09.2018 18:00,21.09.2018 06:00
359,10T-AT-CZ-00004V,No comments,5a3eb8a9e4b0ea480560f9f0,BZN|HU,Slavetice - Dürnrohr,Slavetice - Dürnrohr 438,Planned,500,BZN|DE-AT-LU,Foreseen Maintenance,Active,AC Link,30.09.2018 20:00,23.09.2018 06:00
360,10T-AT-HU-00004Q,No comments,5a3ebc9fe4b023ed9b993c76,BZN|DE-AT-LU,380kV tie-line Zurndorf-Szombathely,380kV tie-line Zurndorf-Szombathely,Planned,500,BZN|HU,Foreseen Maintenance,Active,AC Link,01.10.2018 20:00,01.10.2018 06:00
361,10T-AT-HU-00004Q,No comments,5a3ebcd4e4b085a6d766b3e6,BZN|HU,380kV tie-line Zurndorf-Szombathely,380kV tie-line Zurndorf-Szombathely,Planned,500,BZN|DE-AT-LU,Foreseen Maintenance,Active,AC Link,01.10.2018 20:00,01.10.2018 06:00
362,10T-HU-SK-00001T,No comments,5bae393d3991bd0f626b0b1a,BZN|SK,God-Levice,L_GOD-LEVICE,Planned,700,BZN|HU,Foreseen Maintenance,Active,AC Link,06.10.2018 12:00,06.10.2018 08:00
363,10T-HU-SK-00001T,No comments,5bae395a66a5b702afe330c2,BZN|HU,God-Levice,L_GOD-LEVICE,Planned,700,BZN|SK,Foreseen Maintenance,Active,AC Link,06.10.2018 12:00,06.10.2018 08:00
364,10T-SK-UA-00001W,No comments,5be5aa1f623a72e558c3d0c6,BZN|HU,SK-UA,Vel'ke Kapusany - Mukacevo,Planned,1100,BZN|SK,Foreseen Maintenance,Active,AC Link,16.11.2018 18:00,12.11.2018 06:00
365,APG-DUMMY-02---8,No comments,5bec2b0d66a5b7a06cb4078c,BZN|HU,-,Requested by partner TSO,Planned,600,BZN|AT,Foreseen Maintenance,Active,AC Link,16.11.2018 17:00,12.11.2018 06:00
366,10T-AT-CZ-00004V,No comments,5c054832623a72f5a8795d66,BZN|HU,Slavetice - Dürnrohr,Slavetice - Dürnrohr 438,Planned,600,BZN|AT,Foreseen Maintenance,Active,AC Link,05.12.2018 00:00,03.12.2018 06:00
367,10T-AT-CZ-00004V,No comments,5c05484a623a72f5a8795d6e,BZN|AT,Slavetice - Dürnrohr,Slavetice - Dürnrohr 438,Planned,800,BZN|HU,Foreseen Maintenance,Active,AC Link,05.12.2018 00:00,03.12.2018 06:00
368,10T-AT-CZ-00004V,No comments,5c066e55e32fa667d3806acf,BZN|HU,Slavetice - Dürnrohr,Slavetice - Dürnrohr 438,Planned,600,BZN|AT,Foreseen Maintenance,Active,AC Link,07.12.2018 18:00,06.12.2018 07:00
369,14T-380-0-004763,No comments,5c0a6bcee32fa623ad15c47a,BZN|HU,Kainachtal-Suedburgenland,Kainachtal-Suedburgenland,Planned,700,BZN|AT,Foreseen Maintenance,Active,AC Link,10.12.2018 20:00,10.12.2018 06:00
370,10T-AT-SI-00002R,No comments,5c0a6b2ce32fa623ad15c3e3,BZN|HU,Kainachtal - Maribor,Kainachtal - Maribor 2,Planned,700 (VARY),BZN|AT,Foreseen Maintenance,Active,AC Link,12.12.2018 20:00,11.12.2018 06:00
371,10T-AT-CZ-00004V,No comments,5c1ce8c83991bd7d4e986b9d,BZN|HU,Slavetice - Dürnrohr,Slavetice - Dürnrohr 438,Planned,700,BZN|AT,Foreseen Maintenance,Active,AC Link,10.01.2019 20:00,08.01.2019 06:00
372,10T-AT-CZ-00003X,No comments,5c388fb5623a721814833698,BZN|HU,Slavetice - Dürnrohr,Slavetice - Dürnrohr 437,Planned,400,BZN|AT,Foreseen Maintenance,Active,AC Link,24.01.2019 18:00,14.01.2019 06:00
373,10T-SK-UA-00001W,No comments,5c3ddcbfe32fa63908becc54,BZN|HU,SK-UA,Vel'ke Kapusany - Mukacevo,Forced,1100,BZN|SK,Foreseen Maintenance,Active,AC Link,17.01.2019 14:00,17.01.2019 08:00
374,10T-AT-CZ-00003X,No comments,10T-AT-CZ-00004V,BZN|HU,Slavetice - Dürnrohr,Slavetice - Dürnrohr 437,Planned,500,BZN|AT,Foreseen Maintenance,Active,AC Link,05.02.2019 20:00,04.02.2019 06:00
375,10T-AT-CZ-00004V,No comments,5c1a0f51e32fa655b48bc376,BZN|HU,Slavetice - Dürnrohr,Slavetice - Dürnrohr 438,Planned,600 (VARY),BZN|AT,Foreseen Maintenance,Active,AC Link,07.02.2019 20:00,06.02.2019 06:00
376,10T-AT-CZ-00004V,No comments,5c1a102d623a72f293ab9be7,BZN|HU,Slavetice - Dürnrohr,Slavetice - Dürnrohr 438,Planned,600 (VARY),BZN|AT,Foreseen Maintenance,Active,AC Link,13.02.2019 20:00,11.02.2019 06:00
377,14T-380-0-0439AA,No comments,14T-380-0-0440AX,BZN|AT,Sarasdorf-Zurndorf,Sarasdorf-Zurndorf 439,Planned,400,BZN|HU,Foreseen Maintenance,Active,AC Link,29.03.2019 20:00,25.03.2019 06:00
378,14T-380-0-0439AA,No comments,14T-380-0-0440AX,BZN|HU,Sarasdorf-Zurndorf,Sarasdorf-Zurndorf 439,Planned,400,BZN|AT,Foreseen Maintenance,Active,AC Link,29.03.2019 20:00,25.03.2019 06:00
379,14T-380-0-0439AA,No comments,14T-380-0-0440AX,BZN|HU,Sarasdorf-Zurndorf,Sarasdorf-Zurndorf 439,Planned,400,BZN|AT,Foreseen Maintenance,Active,AC Link,05.04.2019 20:00,01.04.2019 06:00
380,14T-380-0-0439AA,No comments,14T-380-0-0440AX,BZN|AT,Sarasdorf-Zurndorf,Sarasdorf-Zurndorf 439,Planned,400,BZN|HU,Foreseen Maintenance,Active,AC Link,05.04.2019 20:00,01.04.2019 06:00
381,10T-AT-CZ-00003X,No comments,10T-AT-CZ-00004V,BZN|HU,Slavetice - Dürnrohr,Slavetice - Dürnrohr 437,Planned,800,BZN|AT,Foreseen Maintenance,Active,AC Link,10.04.2019 20:00,09.04.2019 06:00
382,10T-HU-SK-00002R,Critical disconnection in neighboring grid.,5c2371d0e32fa655b4aace7c,BZN|HU,Gyor-Gabcikovo,L_GYOR-GABCIKOVO,Planned,650,BZN|AT,No reasons,Active,AC Link,24.04.2019 20:00,23.04.2019 06:00
383,10T-AT-HU-00003S,No comments,5c213c7b66a5b7326e82ae79,BZN|HU,380kV tie-line Zurndorf-Györ,380kV tie-line Zurndorf-Györ,Planned,600 (VARY),BZN|AT,Foreseen Maintenance,Active,AC Link,10.05.2019 20:00,06.05.2019 06:00
384,10T-AT-HU-00003S,No comments,5c213cc266a5b7326e82aec3,BZN|AT,380kV tie-line Zurndorf-Györ,380kV tie-line Zurndorf-Györ,Planned,600 (VARY),BZN|HU,Foreseen Maintenance,Active,AC Link,10.05.2019 20:00,06.05.2019 06:00
385,10T-HU-SK-00001T,Critical disconnection in neighboring grid.,5c213d4066a5b7326e82af1b,BZN|HU,God-Levice,L_GOD-LEVICE,Planned,650,BZN|AT,No reasons,Active,AC Link,11.08.2019 20:00,17.06.2019 06:00
386,10T-AT-CZ-00004V,No comments,5c21409f66a5b7326e82b24f,BZN|HU,Slavetice - Dürnrohr,Slavetice - Dürnrohr 438,Planned,600,BZN|AT,Foreseen Maintenance,Active,AC Link,21.08.2019 20:00,12.08.2019 06:00
387,10T-AT-CZ-00003X,No comments,5c214587e32fa655b4a3da28,BZN|HU,Slavetice - Dürnrohr,Slavetice - Dürnrohr 437,Planned,600,BZN|AT,Foreseen Maintenance,Active,AC Link,23.08.2019 20:00,22.08.2019 06:00
388,10T-HU-SR-00001A,Maintenance,5c1271fc66a5b7090aab0920,BZN|RS,Sandorfalva-Subotica,L_SANDOR-SUBOTIC,Planned,0,BZN|HU,Foreseen Maintenance,Active,AC Link,20.09.2019 00:00,16.09.2019 00:00
389,10T-HU-SR-00001A,Maintenance,5c127218e32fa66a2c8477b3,BZN|HU,Sandorfalva-Subotica,L_SANDOR-SUBOTIC,Planned,0,BZN|RS,Foreseen Maintenance,Active,AC Link,20.09.2019 00:00,16.09.2019 00:00
390,10T-AT-HU-00003S,No comments,5c295719e32fa6163c442cce,BZN|AT,380kV tie-line Zurndorf-Györ,380kV tie-line Zurndorf-Györ,Planned,600,BZN|HU,Foreseen Maintenance,Active,AC Link,01.10.2019 20:00,01.10.2019 06:00
391,10T-AT-HU-00003S,No comments,5c295743623a726368ab7d2e,BZN|HU,380kV tie-line Zurndorf-Györ,380kV tie-line Zurndorf-Györ,Planned,600,BZN|AT,Foreseen Maintenance,Active,AC Link,01.10.2019 20:00,01.10.2019 06:00
392,14T-380-0-0434BN,No comments,14T-380-0-00433L,BZN|HU,Duernrohr-Etzersdorf,Duernrohr-Etzersdorf,Planned,650 (VARY),BZN|AT,Foreseen Maintenance,Active,AC Link,22.11.2019 20:00,21.11.2019 06:00
