{"data": [{"status": "Active", "nature": "Planned", "inArea": "BZN|FR", "outArea": "BZN|BE", "newNTC": "650 (VARY)", "detailId": "5bab8cd6623a7295d9775ace", "unavailabilityStart": "15.10.2018 07:00", "unavailabilityEnd": "28.06.2019 17:00", "comments": "No comments", "reason": "Foreseen Maintenance", "code": "10T-BE-FR-00007U", "type": "AC Link", "name": "CHOOZ220  48 MONCE", "location": "MONCEAU (B) - CHOOZ (FR) 220.48"}, {"status": "Active", "nature": "Planned", "inArea": "BZN|BE", "outArea": "BZN|FR", "newNTC": "2000 (VARY)", "detailId": "5bab8cb4623a7295d9775a58", "unavailabilityStart": "15.10.2018 07:00", "unavailabilityEnd": "28.06.2019 17:00", "comments": "No comments", "reason": "Foreseen Maintenance", "code": "10T-BE-FR-00007U", "type": "AC Link", "name": "CHOOZ220  48 MONCE", "location": "MONCEAU (B) - CHOOZ (FR) 220.48"}, {"status": "Active", "nature": "Planned", "inArea": "BZN|FR", "outArea": "BZN|BE", "newNTC": "650 (VARY)", "detailId": "5bab8c3ce32fa635b17c892e", "unavailabilityStart": "15.10.2018 07:00", "unavailabilityEnd": "18.01.2019 17:00", "comments": "No comments", "reason": "Foreseen Maintenance", "code": "10T-BE-FR-00007U", "type": "AC Link", "name": "CHOOZ220  48 MONCE", "location": "MONCEAU (B) - CHOOZ (FR) 220.48"}, {"status": "Active", "nature": "Planned", "inArea": "BZN|BE", "outArea": "BZN|FR", "newNTC": "2000 (VARY)", "detailId": "5bab8c3c66a5b702afdf2603", "unavailabilityStart": "15.10.2018 07:00", "unavailabilityEnd": "18.01.2019 17:00", "comments": "No comments", "reason": "Foreseen Maintenance", "code": "10T-BE-FR-00007U", "type": "AC Link", "name": "CHOOZ220  48 MONCE", "location": "MONCEAU (B) - CHOOZ (FR) 220.48"}, {"status": "Active", "nature": "Planned", "inArea": "BZN|DE-AT-LU", "outArea": "BZN|FR", "newNTC": "1500 (VARY)", "detailId": "5bab8c7e66a5b702afdf26d2", "unavailabilityStart": "15.10.2018 07:30", "unavailabilityEnd": "28.06.2019 17:00", "comments": "No comments", "reason": "Foreseen Maintenance", "code": "10T-BE-FR-00007U", "type": "AC Link", "name": "CHOOZ220  48 MONCE", "location": "MONCEAU (B) - CHOOZ (FR) 220.48"}, {"status": "Active", "nature": "Planned", "inArea": "BZN|FR", "outArea": "BZN|DE-AT-LU", "newNTC": "1200 (VARY)", "detailId": "5bab8c78623a7295d97759a8", "unavailabilityStart": "15.10.2018 07:30", "unavailabilityEnd": "28.06.2019 17:00", "comments": "No comments", "reason": "Foreseen Maintenance", "code": "10T-BE-FR-00007U", "type": "AC Link", "name": "CHOOZ220  48 MONCE", "location": "MONCEAU (B) - CHOOZ (FR) 220.48"}, {"status": "Active", "nature": "Planned", "inArea": "BZN|FR", "outArea": "BZN|DE-AT-LU", "newNTC": "1200 (VARY)", "detailId": "5bab8c2066a5b702afdf258e", "unavailabilityStart": "15.10.2018 07:30", "unavailabilityEnd": "18.01.2019 17:00", "comments": "No comments", "reason": "Foreseen Maintenance", "code": "10T-BE-FR-00007U", "type": "AC Link", "name": "CHOOZ220  48 MONCE", "location": "MONCEAU (B) - CHOOZ (FR) 220.48"}, {"status": "Active", "nature": "Planned", "inArea": "BZN|DE-AT-LU", "outArea": "BZN|FR", "newNTC": "1500 (VARY)", "detailId": "5bab8c0166a5b702afdf2549", "unavailabilityStart": "15.10.2018 07:30", "unavailabilityEnd": "18.01.2019 17:00", "comments": "No comments", "reason": "Foreseen Maintenance", "code": "10T-BE-FR-00007U", "type": "AC Link", "name": "CHOOZ220  48 MONCE", "location": "MONCEAU (B) - CHOOZ (FR) 220.48"}, {"status": "Active", "nature": "Planned", "inArea": "BZN|FR", "outArea": "BZN|CH", "newNTC": "0", "detailId": "5c1737383991bd890ba642bd", "unavailabilityStart": "14.01.2019 07:00", "unavailabilityEnd": "14.01.2019 17:00", "comments": "No comments", "reason": "Foreseen Maintenance", "code": "12T-0000000118-B", "type": "AC Link", "name": "2FRTL-VERB_2-IL", "location": "220 kV Foretaille-Verbois 2"}, {"status": "Active", "nature": "Planned", "inArea": "BZN|CH", "outArea": "BZN|FR", "newNTC": "-100", "detailId": "5c173764e32fa699b3ac476a", "unavailabilityStart": "14.01.2019 07:00", "unavailabilityEnd": "14.01.2019 17:00", "comments": "No comments", "reason": "Foreseen Maintenance", "code": "12T-0000000118-B", "type": "AC Link", "name": "2FRTL-VERB_2-IL", "location": "220 kV Foretaille-Verbois 2"}, {"status": "Active", "nature": "Planned", "inArea": "BZN|ES", "outArea": "BZN|FR", "newNTC": "2600", "detailId": "5c373b64623a721814814f4b", "unavailabilityStart": "14.01.2019 08:00", "unavailabilityEnd": "14.01.2019 09:00", "comments": "No comments", "reason": "Foreseen Maintenance", "code": "10T-ES-FR-00004V", "type": "AC Link", "name": "Hernani-Argia", "location": "cross-zonal"}, {"status": "Active", "nature": "Planned", "inArea": "BZN|FR", "outArea": "BZN|ES", "newNTC": "2000", "detailId": "5c373baf623a721814814fcf", "unavailabilityStart": "14.01.2019 08:00", "unavailabilityEnd": "14.01.2019 09:00", "comments": "No comments", "reason": "Foreseen Maintenance", "code": "10T-ES-FR-00004V", "type": "AC Link", "name": "Hernani-Argia", "location": "cross-zonal"}, {"status": "Active", "nature": "Planned", "inArea": "BZN|FR", "outArea": "BZN|ES", "newNTC": "2000", "detailId": "5c3741a93991bdd23b3bb6e5", "unavailabilityStart": "14.01.2019 08:00", "unavailabilityEnd": "14.01.2019 09:00", "comments": "Outaged line due to maintenance work", "reason": "No reasons", "code": "No Affected Assets", "type": "No Affected Assets", "name": "No Affected Assets", "location": "No Affected Assets"}, {"status": "Active", "nature": "Planned", "inArea": "BZN|ES", "outArea": "BZN|FR", "newNTC": "2600", "detailId": "5c3741a93991bdd23b3bb6e6", "unavailabilityStart": "14.01.2019 08:00", "unavailabilityEnd": "14.01.2019 09:00", "comments": "Outaged line due to maintenance work", "reason": "No reasons", "code": "No Affected Assets", "type": "No Affected Assets", "name": "No Affected Assets", "location": "No Affected Assets"}, {"status": "Active", "nature": "Planned", "inArea": "BZN|ES", "outArea": "BZN|FR", "newNTC": "2700 (VARY)", "detailId": "5c37418de32fa63908a88f90", "unavailabilityStart": "14.01.2019 09:00", "unavailabilityEnd": "16.01.2019 18:00", "comments": "Outaged line due to maintenance work", "reason": "No reasons", "code": "No Affected Assets", "type": "No Affected Assets", "name": "No Affected Assets", "location": "No Affected Assets"}, {"status": "Active", "nature": "Planned", "inArea": "BZN|FR", "outArea": "BZN|ES", "newNTC": "2100 (VARY)", "detailId": "5c37418d623a7218148158ba", "unavailabilityStart": "14.01.2019 09:00", "unavailabilityEnd": "16.01.2019 18:00", "comments": "Outaged line due to maintenance work", "reason": "No reasons", "code": "No Affected Assets", "type": "No Affected Assets", "name": "No Affected Assets", "location": "No Affected Assets"}, {"status": "Active", "nature": "Planned", "inArea": "BZN|FR", "outArea": "BZN|ES", "newNTC": "2100 (VARY)", "detailId": "5c37419d66a5b765afdf4ea5", "unavailabilityStart": "14.01.2019 09:00", "unavailabilityEnd": "16.01.2019 18:00", "comments": "Outaged line due to maintenance work", "reason": "No reasons", "code": "No Affected Assets", "type": "No Affected Assets", "name": "No Affected Assets", "location": "No Affected Assets"}, {"status": "Active", "nature": "Planned", "inArea": "BZN|ES", "outArea": "BZN|FR", "newNTC": "2700 (VARY)", "detailId": "5c37419d66a5b765afdf4ea8", "unavailabilityStart": "14.01.2019 09:00", "unavailabilityEnd": "16.01.2019 18:00", "comments": "Outaged line due to maintenance work", "reason": "No reasons", "code": "No Affected Assets", "type": "No Affected Assets", "name": "No Affected Assets", "location": "No Affected Assets"}, {"status": "Active", "nature": "Planned", "inArea": "BZN|FR", "outArea": "BZN|CH", "newNTC": "0", "detailId": "5c3cac75e32fa63908badb6d", "unavailabilityStart": "11.02.2019 07:00", "unavailabilityEnd": "13.02.2019 17:00", "comments": "No comments", "reason": "Foreseen Maintenance", "code": "10T-DE-FR-00001I", "type": "AC Link", "name": "Asphard-Sierentz (Wiesental S\u00fcd)", "location": "cross-zonal"}, {"status": "Active", "nature": "Planned", "inArea": "BZN|CH", "outArea": "BZN|FR", "newNTC": "-100", "detailId": "5c3caccbe32fa63908badd76", "unavailabilityStart": "11.02.2019 07:00", "unavailabilityEnd": "13.02.2019 17:00", "comments": "No comments", "reason": "Foreseen Maintenance", "code": "10T-DE-FR-00001I", "type": "AC Link", "name": "Asphard-Sierentz (Wiesental S\u00fcd)", "location": "cross-zonal"}, {"status": "Active", "nature": "Planned", "inArea": "BZN|CH", "outArea": "BZN|FR", "newNTC": "-100", "detailId": "5c3cac39623a721814892c4e", "unavailabilityStart": "14.02.2019 07:00", "unavailabilityEnd": "15.02.2019 17:00", "comments": "No comments", "reason": "Foreseen Maintenance", "code": "12T-0000000117-E", "type": "AC Link", "name": "2FRTL-VERB_1-IL", "location": "220 kV Foretaille-Verbois 1"}, {"status": "Active", "nature": "Planned", "inArea": "BZN|FR", "outArea": "BZN|CH", "newNTC": "0", "detailId": "5c3cac7766a5b765afe73e51", "unavailabilityStart": "14.02.2019 07:00", "unavailabilityEnd": "15.02.2019 17:00", "comments": "No comments", "reason": "Foreseen Maintenance", "code": "12T-0000000117-E", "type": "AC Link", "name": "2FRTL-VERB_1-IL", "location": "220 kV Foretaille-Verbois 1"}, {"status": "Active", "nature": "Planned", "inArea": "BZN|FR", "outArea": "BZN|CH", "newNTC": "0", "detailId": "5c377a8966a5b765afdfafb8", "unavailabilityStart": "18.02.2019 07:00", "unavailabilityEnd": "20.02.2019 17:00", "comments": "No comments", "reason": "Foreseen Maintenance", "code": "10T-CH-FR-00004S", "type": "AC Link", "name": "380 Laufenburg Sierentz", "location": "Laufenburg-Sierentz"}, {"status": "Active", "nature": "Planned", "inArea": "BZN|CH", "outArea": "BZN|FR", "newNTC": "-100", "detailId": "5c377aade32fa63908a96865", "unavailabilityStart": "18.02.2019 07:00", "unavailabilityEnd": "20.02.2019 17:00", "comments": "No comments", "reason": "Foreseen Maintenance", "code": "10T-CH-FR-00004S", "type": "AC Link", "name": "380 Laufenburg Sierentz", "location": "Laufenburg-Sierentz"}, {"status": "Active", "nature": "Planned", "inArea": "BZN|BE", "outArea": "BZN|FR", "newNTC": "1800", "detailId": "5bf2884b3991bd3a88a587c0", "unavailabilityStart": "18.02.2019 07:30", "unavailabilityEnd": "20.02.2019 15:30", "comments": "No comments", "reason": "Foreseen Maintenance", "code": "22T-BE-IN-LI0130", "type": "AC Link", "name": "ACHEN380  10 GRAMM", "location": "ACHENE - GRAMME 380.10"}, {"status": "Active", "nature": "Planned", "inArea": "BZN|FR", "outArea": "BZN|BE", "newNTC": "600", "detailId": "5bf288683991bd3a88a587f5", "unavailabilityStart": "18.02.2019 07:30", "unavailabilityEnd": "20.02.2019 15:30", "comments": "No comments", "reason": "Foreseen Maintenance", "code": "22T-BE-IN-LI0130", "type": "AC Link", "name": "ACHEN380  10 GRAMM", "location": "ACHENE - GRAMME 380.10"}, {"status": "Active", "nature": "Planned", "inArea": "BZN|FR", "outArea": "BZN|CH", "newNTC": "0", "detailId": "5c376be0623a721814819f69", "unavailabilityStart": "04.03.2019 07:00", "unavailabilityEnd": "05.03.2019 18:00", "comments": "No comments", "reason": "Foreseen Maintenance", "code": "10T-CH-FR-00005Q", "type": "AC Link", "name": "220 Riddes-Cornier (Morgins Sud)", "location": "Riddes-Cornier"}, {"status": "Active", "nature": "Planned", "inArea": "BZN|CH", "outArea": "BZN|FR", "newNTC": "-200", "detailId": "5c376bfb66a5b765afdf998a", "unavailabilityStart": "04.03.2019 07:00", "unavailabilityEnd": "05.03.2019 18:00", "comments": "No comments", "reason": "Foreseen Maintenance", "code": "10T-CH-FR-00005Q", "type": "AC Link", "name": "220 Riddes-Cornier (Morgins Sud)", "location": "Riddes-Cornier"}, {"status": "Active", "nature": "Planned", "inArea": "BZN|FR", "outArea": "BZN|ES", "newNTC": "1950 (VARY)", "detailId": "5c374ddae32fa63908a8be92", "unavailabilityStart": "06.03.2019 08:00", "unavailabilityEnd": "15.03.2019 19:00", "comments": "Outaged line due to maintenance work", "reason": "No reasons", "code": "No Affected Assets", "type": "No Affected Assets", "name": "No Affected Assets", "location": "No Affected Assets"}, {"status": "Active", "nature": "Planned", "inArea": "BZN|ES", "outArea": "BZN|FR", "newNTC": "2600", "detailId": "5c374ddae32fa63908a8be9c", "unavailabilityStart": "06.03.2019 08:00", "unavailabilityEnd": "15.03.2019 19:00", "comments": "Outaged line due to maintenance work", "reason": "No reasons", "code": "No Affected Assets", "type": "No Affected Assets", "name": "No Affected Assets", "location": "No Affected Assets"}, {"status": "Active", "nature": "Planned", "inArea": "BZN|FR", "outArea": "BZN|ES", "newNTC": "1500 (VARY)", "detailId": "5c374d1c3991bdd23b3bc62e", "unavailabilityStart": "07.03.2019 08:00", "unavailabilityEnd": "15.03.2019 19:00", "comments": "Outaged line due to maintenance work", "reason": "No reasons", "code": "No Affected Assets", "type": "No Affected Assets", "name": "No Affected Assets", "location": "No Affected Assets"}, {"status": "Active", "nature": "Planned", "inArea": "BZN|ES", "outArea": "BZN|FR", "newNTC": "2600", "detailId": "5c374d1c623a7218148169b2", "unavailabilityStart": "07.03.2019 08:00", "unavailabilityEnd": "15.03.2019 19:00", "comments": "Outaged line due to maintenance work", "reason": "No reasons", "code": "No Affected Assets", "type": "No Affected Assets", "name": "No Affected Assets", "location": "No Affected Assets"}, {"status": "Active", "nature": "Planned", "inArea": "BZN|CH", "outArea": "BZN|FR", "newNTC": "-200", "detailId": "5c37747666a5b765afdfa6fb", "unavailabilityStart": "11.03.2019 07:30", "unavailabilityEnd": "11.03.2019 17:30", "comments": "No comments", "reason": "Foreseen Maintenance", "code": "10T-CH-FR-00008K", "type": "AC Link", "name": "380 Verbois-Bois Tollot", "location": "Verbois-Bois Tollot"}, {"status": "Active", "nature": "Planned", "inArea": "BZN|FR", "outArea": "BZN|CH", "newNTC": "0", "detailId": "5c3774a43991bdd23b3c04fc", "unavailabilityStart": "11.03.2019 07:30", "unavailabilityEnd": "11.03.2019 17:30", "comments": "No comments", "reason": "Foreseen Maintenance", "code": "10T-CH-FR-00008K", "type": "AC Link", "name": "380 Verbois-Bois Tollot", "location": "Verbois-Bois Tollot"}, {"status": "Active", "nature": "Planned", "inArea": "BZN|FR", "outArea": "BZN|CH", "newNTC": "0", "detailId": "5c3cbba3e32fa63908bb18f3", "unavailabilityStart": "12.03.2019 07:00", "unavailabilityEnd": "12.03.2019 17:00", "comments": "No comments", "reason": "Foreseen Maintenance", "code": "10T-CH-FR-00007M", "type": "AC Link", "name": "220 Vallorcine-Pressy", "location": "Vallorcine-Pressy"}, {"status": "Active", "nature": "Planned", "inArea": "BZN|CH", "outArea": "BZN|FR", "newNTC": "0", "detailId": "5c3cbbdf3991bdd23b434715", "unavailabilityStart": "12.03.2019 07:00", "unavailabilityEnd": "12.03.2019 17:00", "comments": "No comments", "reason": "Foreseen Maintenance", "code": "10T-CH-FR-00007M", "type": "AC Link", "name": "220 Vallorcine-Pressy", "location": "Vallorcine-Pressy"}, {"status": "Active", "nature": "Planned", "inArea": "BZN|CH", "outArea": "BZN|FR", "newNTC": "-200", "detailId": "5c3775713991bdd23b3c05db", "unavailabilityStart": "18.03.2019 07:00", "unavailabilityEnd": "22.03.2019 17:00", "comments": "No comments", "reason": "Foreseen Maintenance", "code": "10T-CH-FR-00009I", "type": "AC Link", "name": "220 Verbois-G\u00e9nissiat 1", "location": "Verbois-G\u00e9nissiat"}, {"status": "Active", "nature": "Planned", "inArea": "BZN|FR", "outArea": "BZN|CH", "newNTC": "0", "detailId": "5c3775cd623a72181481ad60", "unavailabilityStart": "18.03.2019 07:00", "unavailabilityEnd": "22.03.2019 17:00", "comments": "No comments", "reason": "Foreseen Maintenance", "code": "10T-CH-FR-00009I", "type": "AC Link", "name": "220 Verbois-G\u00e9nissiat 1", "location": "Verbois-G\u00e9nissiat"}, {"status": "Active", "nature": "Planned", "inArea": "BZN|CH", "outArea": "BZN|FR", "newNTC": "-100", "detailId": "5c3875fd66a5b765afe11d02", "unavailabilityStart": "18.03.2019 07:00", "unavailabilityEnd": "19.03.2019 17:00", "comments": "No comments", "reason": "Foreseen Maintenance", "code": "12T-0000000118-B", "type": "AC Link", "name": "2FRTL-VERB_2-IL", "location": "220 kV Foretaille-Verbois 2"}, {"status": "Active", "nature": "Planned", "inArea": "BZN|FR", "outArea": "BZN|CH", "newNTC": "0", "detailId": "5c38762f3991bdd23b3d58f1", "unavailabilityStart": "18.03.2019 07:00", "unavailabilityEnd": "19.03.2019 17:00", "comments": "No comments", "reason": "Foreseen Maintenance", "code": "12T-0000000118-B", "type": "AC Link", "name": "2FRTL-VERB_2-IL", "location": "220 kV Foretaille-Verbois 2"}, {"status": "Active", "nature": "Planned", "inArea": "BZN|ES", "outArea": "BZN|FR", "newNTC": "2700", "detailId": "5c374d3766a5b765afdf60a8", "unavailabilityStart": "19.03.2019 08:00", "unavailabilityEnd": "20.03.2019 19:00", "comments": "Outaged line due to maintenance work", "reason": "No reasons", "code": "No Affected Assets", "type": "No Affected Assets", "name": "No Affected Assets", "location": "No Affected Assets"}, {"status": "Active", "nature": "Planned", "inArea": "BZN|FR", "outArea": "BZN|ES", "newNTC": "1200", "detailId": "5c374d373991bdd23b3bc6a6", "unavailabilityStart": "19.03.2019 08:00", "unavailabilityEnd": "20.03.2019 19:00", "comments": "Outaged line due to maintenance work", "reason": "No reasons", "code": "No Affected Assets", "type": "No Affected Assets", "name": "No Affected Assets", "location": "No Affected Assets"}, {"status": "Active", "nature": "Planned", "inArea": "BZN|FR", "outArea": "BZN|CH", "newNTC": "0", "detailId": "5c38760ee32fa63908acae37", "unavailabilityStart": "20.03.2019 07:00", "unavailabilityEnd": "22.03.2019 17:00", "comments": "No comments", "reason": "Foreseen Maintenance", "code": "12T-0000000117-E", "type": "AC Link", "name": "2FRTL-VERB_1-IL", "location": "220 kV Foretaille-Verbois 1"}, {"status": "Active", "nature": "Planned", "inArea": "BZN|CH", "outArea": "BZN|FR", "newNTC": "-100", "detailId": "5c38761566a5b765afe11d53", "unavailabilityStart": "20.03.2019 07:00", "unavailabilityEnd": "22.03.2019 17:00", "comments": "No comments", "reason": "Foreseen Maintenance", "code": "12T-0000000117-E", "type": "AC Link", "name": "2FRTL-VERB_1-IL", "location": "220 kV Foretaille-Verbois 1"}, {"status": "Active", "nature": "Planned", "inArea": "BZN|ES", "outArea": "BZN|FR", "newNTC": "2500", "detailId": "5c374dc7623a721814816be4", "unavailabilityStart": "23.03.2019 08:00", "unavailabilityEnd": "29.03.2019 19:00", "comments": "Outaged line due to maintenance work", "reason": "No reasons", "code": "No Affected Assets", "type": "No Affected Assets", "name": "No Affected Assets", "location": "No Affected Assets"}, {"status": "Active", "nature": "Planned", "inArea": "BZN|FR", "outArea": "BZN|ES", "newNTC": "1900", "detailId": "5c374dc83991bdd23b3bc807", "unavailabilityStart": "23.03.2019 08:00", "unavailabilityEnd": "29.03.2019 19:00", "comments": "Outaged line due to maintenance work", "reason": "No reasons", "code": "No Affected Assets", "type": "No Affected Assets", "name": "No Affected Assets", "location": "No Affected Assets"}, {"status": "Active", "nature": "Planned", "inArea": "BZN|FR", "outArea": "BZN|CH", "newNTC": "0", "detailId": "5c3778b8e32fa63908a95f64", "unavailabilityStart": "25.03.2019 07:00", "unavailabilityEnd": "29.03.2019 17:00", "comments": "No comments", "reason": "Foreseen Maintenance", "code": "10T-CH-FR-00010X", "type": "AC Link", "name": "220 Verbois-G\u00e9nissiat 2", "location": "Verbois-G\u00e9nissiat"}, {"status": "Active", "nature": "Planned", "inArea": "BZN|CH", "outArea": "BZN|FR", "newNTC": "-200", "detailId": "5c3778eb3991bdd23b3c0974", "unavailabilityStart": "25.03.2019 07:00", "unavailabilityEnd": "29.03.2019 17:00", "comments": "No comments", "reason": "Foreseen Maintenance", "code": "10T-CH-FR-00010X", "type": "AC Link", "name": "220 Verbois-G\u00e9nissiat 2", "location": "Verbois-G\u00e9nissiat"}, {"status": "Active", "nature": "Planned", "inArea": "BZN|FR", "outArea": "BZN|ES", "newNTC": "1600 (VARY)", "detailId": "5c374d9f623a721814816b40", "unavailabilityStart": "30.03.2019 08:00", "unavailabilityEnd": "01.04.2019 00:00", "comments": "Outaged line due to maintenance work", "reason": "No reasons", "code": "No Affected Assets", "type": "No Affected Assets", "name": "No Affected Assets", "location": "No Affected Assets"}, {"status": "Active", "nature": "Planned", "inArea": "BZN|ES", "outArea": "BZN|FR", "newNTC": "2700", "detailId": "5c374da1e32fa63908a8bcd9", "unavailabilityStart": "30.03.2019 08:00", "unavailabilityEnd": "01.04.2019 00:00", "comments": "Outaged line due to maintenance work", "reason": "No reasons", "code": "No Affected Assets", "type": "No Affected Assets", "name": "No Affected Assets", "location": "No Affected Assets"}, {"status": "Active", "nature": "Planned", "inArea": "BZN|ES", "outArea": "BZN|FR", "newNTC": "2800 (VARY)", "detailId": "5c374d4b623a721814816a6e", "unavailabilityStart": "01.04.2019 00:00", "unavailabilityEnd": "07.04.2019 19:00", "comments": "Outaged line due to maintenance work", "reason": "No reasons", "code": "No Affected Assets", "type": "No Affected Assets", "name": "No Affected Assets", "location": "No Affected Assets"}, {"status": "Active", "nature": "Planned", "inArea": "BZN|FR", "outArea": "BZN|ES", "newNTC": "1150 (VARY)", "detailId": "5c374d4b66a5b765afdf60c9", "unavailabilityStart": "01.04.2019 00:00", "unavailabilityEnd": "07.04.2019 19:00", "comments": "Outaged line due to maintenance work", "reason": "No reasons", "code": "No Affected Assets", "type": "No Affected Assets", "name": "No Affected Assets", "location": "No Affected Assets"}, {"status": "Active", "nature": "Planned", "inArea": "BZN|GB", "outArea": "BZN|FR", "newNTC": "1000", "detailId": "5bbf4f7a623a725b96775c76", "unavailabilityStart": "01.04.2019 07:00", "unavailabilityEnd": "26.04.2019 17:00", "comments": "No comments", "reason": "Foreseen Maintenance", "code": "10T-FR-GB-000025", "type": "DC Link", "name": "Mandarins-Sellindge 2", "location": "cross-zonal"}, {"status": "Active", "nature": "Planned", "inArea": "BZN|FR", "outArea": "BZN|GB", "newNTC": "1000", "detailId": "5bbf4f7a3991bdf2bfc69e73", "unavailabilityStart": "01.04.2019 07:00", "unavailabilityEnd": "26.04.2019 17:00", "comments": "No comments", "reason": "Foreseen Maintenance", "code": "10T-FR-GB-000025", "type": "DC Link", "name": "Mandarins-Sellindge 2", "location": "cross-zonal"}, {"status": "Active", "nature": "Planned", "inArea": "BZN|FR", "outArea": "BZN|CH", "newNTC": "0", "detailId": "5c377f9d623a72181481bc92", "unavailabilityStart": "01.04.2019 07:00", "unavailabilityEnd": "26.07.2019 17:00", "comments": "No comments", "reason": "Foreseen Maintenance", "code": "12T-0000000233-D", "type": "AC Link", "name": "3BACU-LFBG-IL", "location": "380 kV Bassecourt-Laufenburg"}, {"status": "Active", "nature": "Planned", "inArea": "BZN|CH", "outArea": "BZN|FR", "newNTC": "-200", "detailId": "5c377fe2e32fa63908a97e5f", "unavailabilityStart": "01.04.2019 07:00", "unavailabilityEnd": "26.07.2019 17:00", "comments": "No comments", "reason": "Foreseen Maintenance", "code": "12T-0000000233-D", "type": "AC Link", "name": "3BACU-LFBG-IL", "location": "380 kV Bassecourt-Laufenburg"}, {"status": "Active", "nature": "Planned", "inArea": "BZN|ES", "outArea": "BZN|FR", "newNTC": "2800 (VARY)", "detailId": "5c374d0e66a5b765afdf6010", "unavailabilityStart": "01.04.2019 08:00", "unavailabilityEnd": "05.04.2019 19:00", "comments": "Outaged line due to maintenance work", "reason": "No reasons", "code": "No Affected Assets", "type": "No Affected Assets", "name": "No Affected Assets", "location": "No Affected Assets"}, {"status": "Active", "nature": "Planned", "inArea": "BZN|FR", "outArea": "BZN|ES", "newNTC": "1150 (VARY)", "detailId": "5c374d0e3991bdd23b3bc623", "unavailabilityStart": "01.04.2019 08:00", "unavailabilityEnd": "05.04.2019 19:00", "comments": "Outaged line due to maintenance work", "reason": "No reasons", "code": "No Affected Assets", "type": "No Affected Assets", "name": "No Affected Assets", "location": "No Affected Assets"}, {"status": "Active", "nature": "Planned", "inArea": "BZN|ES", "outArea": "BZN|FR", "newNTC": "2800 (VARY)", "detailId": "5c374d15e32fa63908a8ba4c", "unavailabilityStart": "08.04.2019 08:00", "unavailabilityEnd": "12.04.2019 19:00", "comments": "Outaged line due to maintenance work", "reason": "No reasons", "code": "No Affected Assets", "type": "No Affected Assets", "name": "No Affected Assets", "location": "No Affected Assets"}, {"status": "Active", "nature": "Planned", "inArea": "BZN|FR", "outArea": "BZN|ES", "newNTC": "1900 (VARY)", "detailId": "5c374d1566a5b765afdf601a", "unavailabilityStart": "08.04.2019 08:00", "unavailabilityEnd": "12.04.2019 19:00", "comments": "Outaged line due to maintenance work", "reason": "No reasons", "code": "No Affected Assets", "type": "No Affected Assets", "name": "No Affected Assets", "location": "No Affected Assets"}, {"status": "Active", "nature": "Planned", "inArea": "BZN|FR", "outArea": "BZN|ES", "newNTC": "1900 (VARY)", "detailId": "5c374d1866a5b765afdf6026", "unavailabilityStart": "08.04.2019 08:00", "unavailabilityEnd": "19.04.2019 19:00", "comments": "Outaged line due to maintenance work", "reason": "No reasons", "code": "No Affected Assets", "type": "No Affected Assets", "name": "No Affected Assets", "location": "No Affected Assets"}, {"status": "Active", "nature": "Planned", "inArea": "BZN|ES", "outArea": "BZN|FR", "newNTC": "2800 (VARY)", "detailId": "5c374d19e32fa63908a8ba55", "unavailabilityStart": "08.04.2019 08:00", "unavailabilityEnd": "19.04.2019 19:00", "comments": "Outaged line due to maintenance work", "reason": "No reasons", "code": "No Affected Assets", "type": "No Affected Assets", "name": "No Affected Assets", "location": "No Affected Assets"}, {"status": "Active", "nature": "Planned", "inArea": "BZN|FR", "outArea": "BZN|ES", "newNTC": "1900 (VARY)", "detailId": "5c374d7b623a721814816aef", "unavailabilityStart": "08.04.2019 08:00", "unavailabilityEnd": "09.05.2019 19:00", "comments": "Outaged line due to maintenance work", "reason": "No reasons", "code": "No Affected Assets", "type": "No Affected Assets", "name": "No Affected Assets", "location": "No Affected Assets"}, {"status": "Active", "nature": "Planned", "inArea": "BZN|ES", "outArea": "BZN|FR", "newNTC": "2800 (VARY)", "detailId": "5c374d7b66a5b765afdf614b", "unavailabilityStart": "08.04.2019 08:00", "unavailabilityEnd": "09.05.2019 19:00", "comments": "Outaged line due to maintenance work", "reason": "No reasons", "code": "No Affected Assets", "type": "No Affected Assets", "name": "No Affected Assets", "location": "No Affected Assets"}, {"status": "Active", "nature": "Planned", "inArea": "BZN|FR", "outArea": "BZN|CH", "newNTC": "0", "detailId": "5c3779313991bdd23b3c0a38", "unavailabilityStart": "17.04.2019 07:00", "unavailabilityEnd": "25.04.2019 17:00", "comments": "No comments", "reason": "Foreseen Maintenance", "code": "10T-CH-FR-00001Y", "type": "AC Link", "name": "380 Bassecourt Mambelin", "location": "Bassecourt-Mambelin"}, {"status": "Active", "nature": "Planned", "inArea": "BZN|CH", "outArea": "BZN|FR", "newNTC": "-100", "detailId": "5c37793166a5b765afdfad8b", "unavailabilityStart": "17.04.2019 07:00", "unavailabilityEnd": "25.04.2019 17:00", "comments": "No comments", "reason": "Foreseen Maintenance", "code": "10T-CH-FR-00002W", "type": "AC Link", "name": "380 Bassecourt Sierentz", "location": "Bassecourt-Sierentz"}, {"status": "Active", "nature": "Planned", "inArea": "BZN|FR", "outArea": "BZN|CH", "newNTC": "0", "detailId": "5c377960e32fa63908a96152", "unavailabilityStart": "17.04.2019 07:00", "unavailabilityEnd": "25.04.2019 17:00", "comments": "No comments", "reason": "Foreseen Maintenance", "code": "10T-CH-FR-00002W", "type": "AC Link", "name": "380 Bassecourt Sierentz", "location": "Bassecourt-Sierentz"}, {"status": "Active", "nature": "Planned", "inArea": "BZN|CH", "outArea": "BZN|FR", "newNTC": "-100", "detailId": "5c377994e32fa63908a962fb", "unavailabilityStart": "17.04.2019 07:00", "unavailabilityEnd": "25.04.2019 17:00", "comments": "No comments", "reason": "Foreseen Maintenance", "code": "10T-CH-FR-00001Y", "type": "AC Link", "name": "380 Bassecourt Mambelin", "location": "Bassecourt-Mambelin"}, {"status": "Active", "nature": "Planned", "inArea": "BZN|FR", "outArea": "BZN|CH", "newNTC": "0", "detailId": "5c38961466a5b765afe15042", "unavailabilityStart": "23.04.2019 07:00", "unavailabilityEnd": "26.04.2019 17:00", "comments": "No comments", "reason": "Foreseen Maintenance", "code": "12T-0000000117-E", "type": "AC Link", "name": "2FRTL-VERB_1-IL", "location": "220 kV Foretaille-Verbois 1"}, {"status": "Active", "nature": "Planned", "inArea": "BZN|CH", "outArea": "BZN|FR", "newNTC": "-100", "detailId": "5c389615e32fa63908ad1f73", "unavailabilityStart": "23.04.2019 07:00", "unavailabilityEnd": "26.04.2019 17:00", "comments": "No comments", "reason": "Foreseen Maintenance", "code": "12T-0000000117-E", "type": "AC Link", "name": "2FRTL-VERB_1-IL", "location": "220 kV Foretaille-Verbois 1"}, {"status": "Active", "nature": "Planned", "inArea": "BZN|FR", "outArea": "BZN|CH", "newNTC": "0", "detailId": "5c389748e32fa63908ad2232", "unavailabilityStart": "29.04.2019 07:00", "unavailabilityEnd": "03.05.2019 17:00", "comments": "No comments", "reason": "Foreseen Maintenance", "code": "12T-0000000118-B", "type": "AC Link", "name": "2FRTL-VERB_2-IL", "location": "220 kV Foretaille-Verbois 2"}, {"status": "Active", "nature": "Planned", "inArea": "BZN|CH", "outArea": "BZN|FR", "newNTC": "-100", "detailId": "5c3897843991bdd23b3d8cf6", "unavailabilityStart": "29.04.2019 07:00", "unavailabilityEnd": "03.05.2019 17:00", "comments": "No comments", "reason": "Foreseen Maintenance", "code": "12T-0000000118-B", "type": "AC Link", "name": "2FRTL-VERB_2-IL", "location": "220 kV Foretaille-Verbois 2"}, {"status": "Active", "nature": "Planned", "inArea": "BZN|ES", "outArea": "BZN|FR", "newNTC": "2500 (VARY)", "detailId": "5c374dc0e32fa63908a8bdbc", "unavailabilityStart": "29.04.2019 08:00", "unavailabilityEnd": "02.05.2019 19:00", "comments": "Outaged line due to maintenance work", "reason": "No reasons", "code": "No Affected Assets", "type": "No Affected Assets", "name": "No Affected Assets", "location": "No Affected Assets"}, {"status": "Active", "nature": "Planned", "inArea": "BZN|FR", "outArea": "BZN|ES", "newNTC": "1000", "detailId": "5c374dc13991bdd23b3bc7eb", "unavailabilityStart": "29.04.2019 08:00", "unavailabilityEnd": "02.05.2019 19:00", "comments": "Outaged line due to maintenance work", "reason": "No reasons", "code": "No Affected Assets", "type": "No Affected Assets", "name": "No Affected Assets", "location": "No Affected Assets"}, {"status": "Active", "nature": "Planned", "inArea": "BZN|CH", "outArea": "BZN|FR", "newNTC": "-200", "detailId": "5c37795066a5b765afdfadd8", "unavailabilityStart": "06.05.2019 07:00", "unavailabilityEnd": "15.05.2019 17:00", "comments": "No comments", "reason": "Foreseen Maintenance", "code": "12T-0000000302-N", "type": "_BACU_T32-TF", "name": "380/220/50 kV Bassecourt Trafo 32", "location": "380/220/50 kV Bassecourt Trafo 32"}, {"status": "Active", "nature": "Planned", "inArea": "BZN|FR", "outArea": "BZN|CH", "newNTC": "0", "detailId": "5c37797b66a5b765afdfae45", "unavailabilityStart": "06.05.2019 07:00", "unavailabilityEnd": "15.05.2019 17:00", "comments": "No comments", "reason": "Foreseen Maintenance", "code": "12T-0000000302-N", "type": "_BACU_T32-TF", "name": "380/220/50 kV Bassecourt Trafo 32", "location": "380/220/50 kV Bassecourt Trafo 32"}, {"status": "Active", "nature": "Planned", "inArea": "BZN|FR", "outArea": "BZN|ES", "newNTC": "1200 (VARY)", "detailId": "5c374d7ce32fa63908a8bc70", "unavailabilityStart": "06.05.2019 08:00", "unavailabilityEnd": "10.05.2019 19:00", "comments": "Outaged line due to maintenance work", "reason": "No reasons", "code": "No Affected Assets", "type": "No Affected Assets", "name": "No Affected Assets", "location": "No Affected Assets"}, {"status": "Active", "nature": "Planned", "inArea": "BZN|ES", "outArea": "BZN|FR", "newNTC": "2650 (VARY)", "detailId": "5c374d7c623a721814816afa", "unavailabilityStart": "06.05.2019 08:00", "unavailabilityEnd": "10.05.2019 19:00", "comments": "Outaged line due to maintenance work", "reason": "No reasons", "code": "No Affected Assets", "type": "No Affected Assets", "name": "No Affected Assets", "location": "No Affected Assets"}, {"status": "Active", "nature": "Planned", "inArea": "BZN|ES", "outArea": "BZN|FR", "newNTC": "2600 (VARY)", "detailId": "5c374d7c3991bdd23b3bc75e", "unavailabilityStart": "13.05.2019 08:00", "unavailabilityEnd": "21.05.2019 19:00", "comments": "Outaged line due to maintenance work", "reason": "No reasons", "code": "No Affected Assets", "type": "No Affected Assets", "name": "No Affected Assets", "location": "No Affected Assets"}, {"status": "Active", "nature": "Planned", "inArea": "BZN|FR", "outArea": "BZN|ES", "newNTC": "1850 (VARY)", "detailId": "5c374d7d66a5b765afdf6157", "unavailabilityStart": "13.05.2019 08:00", "unavailabilityEnd": "21.05.2019 19:00", "comments": "Outaged line due to maintenance work", "reason": "No reasons", "code": "No Affected Assets", "type": "No Affected Assets", "name": "No Affected Assets", "location": "No Affected Assets"}, {"status": "Active", "nature": "Planned", "inArea": "BZN|ES", "outArea": "BZN|FR", "newNTC": "2550", "detailId": "5c374d3066a5b765afdf608b", "unavailabilityStart": "20.05.2019 08:00", "unavailabilityEnd": "21.05.2019 19:00", "comments": "Outaged line due to maintenance work", "reason": "No reasons", "code": "No Affected Assets", "type": "No Affected Assets", "name": "No Affected Assets", "location": "No Affected Assets"}, {"status": "Active", "nature": "Planned", "inArea": "BZN|FR", "outArea": "BZN|ES", "newNTC": "1150 (VARY)", "detailId": "5c374d31623a721814816a2a", "unavailabilityStart": "20.05.2019 08:00", "unavailabilityEnd": "21.05.2019 19:00", "comments": "Outaged line due to maintenance work", "reason": "No reasons", "code": "No Affected Assets", "type": "No Affected Assets", "name": "No Affected Assets", "location": "No Affected Assets"}, {"status": "Active", "nature": "Planned", "inArea": "BZN|ES", "outArea": "BZN|FR", "newNTC": "2550", "detailId": "5c374d3166a5b765afdf6093", "unavailabilityStart": "20.05.2019 08:00", "unavailabilityEnd": "21.05.2019 19:00", "comments": "Outaged line due to maintenance work", "reason": "No reasons", "code": "No Affected Assets", "type": "No Affected Assets", "name": "No Affected Assets", "location": "No Affected Assets"}, {"status": "Active", "nature": "Planned", "inArea": "BZN|FR", "outArea": "BZN|ES", "newNTC": "1150 (VARY)", "detailId": "5c374d31e32fa63908a8bad3", "unavailabilityStart": "20.05.2019 08:00", "unavailabilityEnd": "21.05.2019 19:00", "comments": "Outaged line due to maintenance work", "reason": "No reasons", "code": "No Affected Assets", "type": "No Affected Assets", "name": "No Affected Assets", "location": "No Affected Assets"}, {"status": "Active", "nature": "Planned", "inArea": "BZN|FR", "outArea": "BZN|ES", "newNTC": "1150 (VARY)", "detailId": "5c374d34e32fa63908a8baf5", "unavailabilityStart": "20.05.2019 08:00", "unavailabilityEnd": "31.05.2019 23:00", "comments": "Outaged line due to maintenance work", "reason": "No reasons", "code": "No Affected Assets", "type": "No Affected Assets", "name": "No Affected Assets", "location": "No Affected Assets"}, {"status": "Active", "nature": "Planned", "inArea": "BZN|ES", "outArea": "BZN|FR", "newNTC": "2550 (VARY)", "detailId": "5c374d353991bdd23b3bc69e", "unavailabilityStart": "20.05.2019 08:00", "unavailabilityEnd": "31.05.2019 23:00", "comments": "Outaged line due to maintenance work", "reason": "No reasons", "code": "No Affected Assets", "type": "No Affected Assets", "name": "No Affected Assets", "location": "No Affected Assets"}, {"status": "Active", "nature": "Planned", "inArea": "BZN|FR", "outArea": "BZN|ES", "newNTC": "1600 (VARY)", "detailId": "5c374df2623a721814816c8d", "unavailabilityStart": "01.06.2019 00:00", "unavailabilityEnd": "09.06.2019 19:00", "comments": "Outaged line due to maintenance work", "reason": "No reasons", "code": "No Affected Assets", "type": "No Affected Assets", "name": "No Affected Assets", "location": "No Affected Assets"}, {"status": "Active", "nature": "Planned", "inArea": "BZN|ES", "outArea": "BZN|FR", "newNTC": "2600 (VARY)", "detailId": "5c374df33991bdd23b3bc8bd", "unavailabilityStart": "01.06.2019 00:00", "unavailabilityEnd": "09.06.2019 19:00", "comments": "Outaged line due to maintenance work", "reason": "No reasons", "code": "No Affected Assets", "type": "No Affected Assets", "name": "No Affected Assets", "location": "No Affected Assets"}, {"status": "Active", "nature": "Planned", "inArea": "BZN|FR", "outArea": "BZN|ES", "newNTC": "1300 (VARY)", "detailId": "5c374dade32fa63908a8bd1a", "unavailabilityStart": "03.06.2019 08:00", "unavailabilityEnd": "09.06.2019 19:00", "comments": "Outaged line due to maintenance work", "reason": "No reasons", "code": "No Affected Assets", "type": "No Affected Assets", "name": "No Affected Assets", "location": "No Affected Assets"}, {"status": "Active", "nature": "Planned", "inArea": "BZN|ES", "outArea": "BZN|FR", "newNTC": "1400 (VARY)", "detailId": "5c374dad66a5b765afdf61b3", "unavailabilityStart": "03.06.2019 08:00", "unavailabilityEnd": "09.06.2019 19:00", "comments": "Outaged line due to maintenance work", "reason": "No reasons", "code": "No Affected Assets", "type": "No Affected Assets", "name": "No Affected Assets", "location": "No Affected Assets"}, {"status": "Active", "nature": "Planned", "inArea": "BZN|ES", "outArea": "BZN|FR", "newNTC": "1400 (VARY)", "detailId": "5c374dcf3991bdd23b3bc82f", "unavailabilityStart": "03.06.2019 08:00", "unavailabilityEnd": "09.06.2019 19:00", "comments": "Outaged line due to maintenance work", "reason": "No reasons", "code": "No Affected Assets", "type": "No Affected Assets", "name": "No Affected Assets", "location": "No Affected Assets"}, {"status": "Active", "nature": "Planned", "inArea": "BZN|FR", "outArea": "BZN|ES", "newNTC": "1300 (VARY)", "detailId": "5c374dcf3991bdd23b3bc833", "unavailabilityStart": "03.06.2019 08:00", "unavailabilityEnd": "09.06.2019 19:00", "comments": "Outaged line due to maintenance work", "reason": "No reasons", "code": "No Affected Assets", "type": "No Affected Assets", "name": "No Affected Assets", "location": "No Affected Assets"}, {"status": "Active", "nature": "Planned", "inArea": "BZN|ES", "outArea": "BZN|FR", "newNTC": "1400", "detailId": "5c374dde623a721814816c52", "unavailabilityStart": "03.06.2019 08:00", "unavailabilityEnd": "07.06.2019 19:00", "comments": "Outaged line due to maintenance work", "reason": "No reasons", "code": "No Affected Assets", "type": "No Affected Assets", "name": "No Affected Assets", "location": "No Affected Assets"}, {"status": "Active", "nature": "Planned", "inArea": "BZN|FR", "outArea": "BZN|ES", "newNTC": "1300 (VARY)", "detailId": "5c374dde3991bdd23b3bc878", "unavailabilityStart": "03.06.2019 08:00", "unavailabilityEnd": "07.06.2019 19:00", "comments": "Outaged line due to maintenance work", "reason": "No reasons", "code": "No Affected Assets", "type": "No Affected Assets", "name": "No Affected Assets", "location": "No Affected Assets"}, {"status": "Active", "nature": "Planned", "inArea": "BZN|FR", "outArea": "BZN|ES", "newNTC": "1300 (VARY)", "detailId": "5c374dee3991bdd23b3bc8a2", "unavailabilityStart": "03.06.2019 08:00", "unavailabilityEnd": "13.06.2019 19:00", "comments": "Outaged line due to maintenance work", "reason": "No reasons", "code": "No Affected Assets", "type": "No Affected Assets", "name": "No Affected Assets", "location": "No Affected Assets"}, {"status": "Active", "nature": "Planned", "inArea": "BZN|ES", "outArea": "BZN|FR", "newNTC": "1400 (VARY)", "detailId": "5c374def3991bdd23b3bc8a7", "unavailabilityStart": "03.06.2019 08:00", "unavailabilityEnd": "13.06.2019 19:00", "comments": "Outaged line due to maintenance work", "reason": "No reasons", "code": "No Affected Assets", "type": "No Affected Assets", "name": "No Affected Assets", "location": "No Affected Assets"}, {"status": "Active", "nature": "Planned", "inArea": "BZN|FR", "outArea": "BZN|GB", "newNTC": "0", "detailId": "5b3debebd5dea0dc236854d3", "unavailabilityStart": "04.06.2019 07:00", "unavailabilityEnd": "06.06.2019 17:00", "comments": "No comments", "reason": "Foreseen Maintenance", "code": "10T-FR-GB-000025", "type": "DC Link", "name": "Mandarins-Sellindge 2", "location": "cross-zonal"}, {"status": "Active", "nature": "Planned", "inArea": "BZN|GB", "outArea": "BZN|FR", "newNTC": "0", "detailId": "5b3dec19d5dea0dc236855d1", "unavailabilityStart": "04.06.2019 07:00", "unavailabilityEnd": "06.06.2019 17:00", "comments": "No comments", "reason": "Foreseen Maintenance", "code": "10T-FR-GB-000025", "type": "DC Link", "name": "Mandarins-Sellindge 2", "location": "cross-zonal"}, {"status": "Active", "nature": "Planned", "inArea": "BZN|GB", "outArea": "BZN|FR", "newNTC": "0", "detailId": "5b3dee92d5de9b85663c3b9b", "unavailabilityStart": "04.06.2019 07:00", "unavailabilityEnd": "06.06.2019 17:00", "comments": "No comments", "reason": "Foreseen Maintenance", "code": "10T-FR-GB-000017", "type": "DC Link", "name": "Mandarins-Sellindge 1", "location": "cross-zonal"}, {"status": "Active", "nature": "Planned", "inArea": "BZN|FR", "outArea": "BZN|GB", "newNTC": "0", "detailId": "5b3deec2d5de9b85663c3c08", "unavailabilityStart": "04.06.2019 07:00", "unavailabilityEnd": "06.06.2019 17:00", "comments": "No comments", "reason": "Foreseen Maintenance", "code": "10T-FR-GB-000017", "type": "DC Link", "name": "Mandarins-Sellindge 1", "location": "cross-zonal"}, {"status": "Active", "nature": "Planned", "inArea": "BZN|FR", "outArea": "BZN|GB", "newNTC": "0", "detailId": "5bbf502d66a5b7ed415c04c5", "unavailabilityStart": "04.06.2019 07:30", "unavailabilityEnd": "06.06.2019 17:00", "comments": "No comments", "reason": "Foreseen Maintenance", "code": "10T-FR-GB-000025", "type": "DC Link", "name": "Mandarins-Sellindge 2", "location": "cross-zonal"}, {"status": "Active", "nature": "Planned", "inArea": "BZN|GB", "outArea": "BZN|FR", "newNTC": "0", "detailId": "5bbf5050623a725b96775d66", "unavailabilityStart": "04.06.2019 07:30", "unavailabilityEnd": "06.06.2019 17:00", "comments": "No comments", "reason": "Foreseen Maintenance", "code": "10T-FR-GB-000025", "type": "DC Link", "name": "Mandarins-Sellindge 2", "location": "cross-zonal"}, {"status": "Active", "nature": "Planned", "inArea": "BZN|FR", "outArea": "BZN|ES", "newNTC": "1350 (VARY)", "detailId": "5c374d4466a5b765afdf60bd", "unavailabilityStart": "10.06.2019 08:00", "unavailabilityEnd": "19.07.2019 19:00", "comments": "Outaged line due to maintenance work", "reason": "No reasons", "code": "No Affected Assets", "type": "No Affected Assets", "name": "No Affected Assets", "location": "No Affected Assets"}, {"status": "Active", "nature": "Planned", "inArea": "BZN|ES", "outArea": "BZN|FR", "newNTC": "1450 (VARY)", "detailId": "5c374d4466a5b765afdf60c1", "unavailabilityStart": "10.06.2019 08:00", "unavailabilityEnd": "19.07.2019 19:00", "comments": "Outaged line due to maintenance work", "reason": "No reasons", "code": "No Affected Assets", "type": "No Affected Assets", "name": "No Affected Assets", "location": "No Affected Assets"}, {"status": "Active", "nature": "Planned", "inArea": "BZN|FR", "outArea": "BZN|ES", "newNTC": "1350 (VARY)", "detailId": "5c374dee623a721814816c81", "unavailabilityStart": "10.06.2019 08:00", "unavailabilityEnd": "05.07.2019 19:00", "comments": "Outaged line due to maintenance work", "reason": "No reasons", "code": "No Affected Assets", "type": "No Affected Assets", "name": "No Affected Assets", "location": "No Affected Assets"}, {"status": "Active", "nature": "Planned", "inArea": "BZN|ES", "outArea": "BZN|FR", "newNTC": "1450 (VARY)", "detailId": "5c374dee66a5b765afdf62f7", "unavailabilityStart": "10.06.2019 08:00", "unavailabilityEnd": "05.07.2019 19:00", "comments": "Outaged line due to maintenance work", "reason": "No reasons", "code": "No Affected Assets", "type": "No Affected Assets", "name": "No Affected Assets", "location": "No Affected Assets"}, {"status": "Active", "nature": "Planned", "inArea": "BZN|GB", "outArea": "BZN|FR", "newNTC": "1000", "detailId": "5bbf4f3d623a725b96775c24", "unavailabilityStart": "17.06.2019 07:30", "unavailabilityEnd": "28.06.2019 17:00", "comments": "No comments", "reason": "Foreseen Maintenance", "code": "10T-FR-GB-000017", "type": "DC Link", "name": "Mandarins-Sellindge 1", "location": "cross-zonal"}, {"status": "Active", "nature": "Planned", "inArea": "BZN|FR", "outArea": "BZN|GB", "newNTC": "1000", "detailId": "5bbf4f9666a5b7ed415c0441", "unavailabilityStart": "17.06.2019 07:30", "unavailabilityEnd": "28.06.2019 17:00", "comments": "No comments", "reason": "Foreseen Maintenance", "code": "10T-FR-GB-000017", "type": "DC Link", "name": "Mandarins-Sellindge 1", "location": "cross-zonal"}, {"status": "Active", "nature": "Planned", "inArea": "BZN|FR", "outArea": "BZN|GB", "newNTC": "1000", "detailId": "5bbf5074623a725b96775dcd", "unavailabilityStart": "17.06.2019 07:30", "unavailabilityEnd": "28.06.2019 17:00", "comments": "No comments", "reason": "Foreseen Maintenance", "code": "10T-FR-GB-000017", "type": "DC Link", "name": "Mandarins-Sellindge 1", "location": "cross-zonal"}, {"status": "Active", "nature": "Planned", "inArea": "BZN|GB", "outArea": "BZN|FR", "newNTC": "1000", "detailId": "5bbf50b53991bdf2bfc6a087", "unavailabilityStart": "17.06.2019 07:30", "unavailabilityEnd": "28.06.2019 17:00", "comments": "No comments", "reason": "Foreseen Maintenance", "code": "10T-FR-GB-000017", "type": "DC Link", "name": "Mandarins-Sellindge 1", "location": "cross-zonal"}, {"status": "Active", "nature": "Planned", "inArea": "BZN|ES", "outArea": "BZN|FR", "newNTC": "1400 (VARY)", "detailId": "5c374d82623a721814816b24", "unavailabilityStart": "17.06.2019 08:00", "unavailabilityEnd": "27.06.2019 19:00", "comments": "Outaged line due to maintenance work", "reason": "No reasons", "code": "No Affected Assets", "type": "No Affected Assets", "name": "No Affected Assets", "location": "No Affected Assets"}, {"status": "Active", "nature": "Planned", "inArea": "BZN|FR", "outArea": "BZN|ES", "newNTC": "1350 (VARY)", "detailId": "5c374d82623a721814816b28", "unavailabilityStart": "17.06.2019 08:00", "unavailabilityEnd": "27.06.2019 19:00", "comments": "Outaged line due to maintenance work", "reason": "No reasons", "code": "No Affected Assets", "type": "No Affected Assets", "name": "No Affected Assets", "location": "No Affected Assets"}, {"status": "Active", "nature": "Planned", "inArea": "BZN|CH", "outArea": "BZN|FR", "newNTC": "0", "detailId": "5c38c56ae32fa63908addee7", "unavailabilityStart": "01.07.2019 07:30", "unavailabilityEnd": "05.07.2019 17:30", "comments": "No comments", "reason": "Foreseen Maintenance", "code": "10T-CH-FR-00007M", "type": "AC Link", "name": "220 Vallorcine-Pressy", "location": "Vallorcine-Pressy"}, {"status": "Active", "nature": "Planned", "inArea": "BZN|FR", "outArea": "BZN|CH", "newNTC": "0", "detailId": "5c38c58666a5b765afe1aa9c", "unavailabilityStart": "01.07.2019 07:30", "unavailabilityEnd": "05.07.2019 17:30", "comments": "No comments", "reason": "Foreseen Maintenance", "code": "10T-CH-FR-00007M", "type": "AC Link", "name": "220 Vallorcine-Pressy", "location": "Vallorcine-Pressy"}, {"status": "Active", "nature": "Planned", "inArea": "BZN|ES", "outArea": "BZN|FR", "newNTC": "2500 (VARY)", "detailId": "5c374d5b3991bdd23b3bc6fe", "unavailabilityStart": "08.07.2019 08:00", "unavailabilityEnd": "19.07.2019 19:00", "comments": "Outaged line due to maintenance work", "reason": "No reasons", "code": "No Affected Assets", "type": "No Affected Assets", "name": "No Affected Assets", "location": "No Affected Assets"}, {"status": "Active", "nature": "Planned", "inArea": "BZN|FR", "outArea": "BZN|ES", "newNTC": "1100 (VARY)", "detailId": "5c374d5b623a721814816a93", "unavailabilityStart": "08.07.2019 08:00", "unavailabilityEnd": "19.07.2019 19:00", "comments": "Outaged line due to maintenance work", "reason": "No reasons", "code": "No Affected Assets", "type": "No Affected Assets", "name": "No Affected Assets", "location": "No Affected Assets"}, {"status": "Active", "nature": "Planned", "inArea": "BZN|FR", "outArea": "BZN|ES", "newNTC": "1100 (VARY)", "detailId": "5c374d7f3991bdd23b3bc772", "unavailabilityStart": "08.07.2019 08:00", "unavailabilityEnd": "02.08.2019 19:00", "comments": "Outaged line due to maintenance work", "reason": "No reasons", "code": "No Affected Assets", "type": "No Affected Assets", "name": "No Affected Assets", "location": "No Affected Assets"}, {"status": "Active", "nature": "Planned", "inArea": "BZN|ES", "outArea": "BZN|FR", "newNTC": "2500 (VARY)", "detailId": "5c374d7fe32fa63908a8bc8e", "unavailabilityStart": "08.07.2019 08:00", "unavailabilityEnd": "02.08.2019 19:00", "comments": "Outaged line due to maintenance work", "reason": "No reasons", "code": "No Affected Assets", "type": "No Affected Assets", "name": "No Affected Assets", "location": "No Affected Assets"}, {"status": "Active", "nature": "Planned", "inArea": "BZN|ES", "outArea": "BZN|FR", "newNTC": "2400 (VARY)", "detailId": "5c374d58623a721814816a8d", "unavailabilityStart": "09.07.2019 08:00", "unavailabilityEnd": "10.07.2019 19:00", "comments": "Outaged line due to maintenance work", "reason": "No reasons", "code": "No Affected Assets", "type": "No Affected Assets", "name": "No Affected Assets", "location": "No Affected Assets"}, {"status": "Active", "nature": "Planned", "inArea": "BZN|FR", "outArea": "BZN|ES", "newNTC": "1100 (VARY)", "detailId": "5c374d583991bdd23b3bc6f8", "unavailabilityStart": "09.07.2019 08:00", "unavailabilityEnd": "10.07.2019 19:00", "comments": "Outaged line due to maintenance work", "reason": "No reasons", "code": "No Affected Assets", "type": "No Affected Assets", "name": "No Affected Assets", "location": "No Affected Assets"}, {"status": "Active", "nature": "Planned", "inArea": "BZN|FR", "outArea": "BZN|ES", "newNTC": "1100 (VARY)", "detailId": "5c374ddf623a721814816c56", "unavailabilityStart": "15.07.2019 08:00", "unavailabilityEnd": "26.07.2019 19:00", "comments": "Outaged line due to maintenance work", "reason": "No reasons", "code": "No Affected Assets", "type": "No Affected Assets", "name": "No Affected Assets", "location": "No Affected Assets"}, {"status": "Active", "nature": "Planned", "inArea": "BZN|ES", "outArea": "BZN|FR", "newNTC": "2600 (VARY)", "detailId": "5c374ddf66a5b765afdf62b8", "unavailabilityStart": "15.07.2019 08:00", "unavailabilityEnd": "26.07.2019 19:00", "comments": "Outaged line due to maintenance work", "reason": "No reasons", "code": "No Affected Assets", "type": "No Affected Assets", "name": "No Affected Assets", "location": "No Affected Assets"}, {"status": "Active", "nature": "Planned", "inArea": "BZN|FR", "outArea": "BZN|ES", "newNTC": "1100 (VARY)", "detailId": "5c374dcd623a721814816c0e", "unavailabilityStart": "22.07.2019 08:00", "unavailabilityEnd": "02.08.2019 19:00", "comments": "Outaged line due to maintenance work", "reason": "No reasons", "code": "No Affected Assets", "type": "No Affected Assets", "name": "No Affected Assets", "location": "No Affected Assets"}, {"status": "Active", "nature": "Planned", "inArea": "BZN|ES", "outArea": "BZN|FR", "newNTC": "2600 (VARY)", "detailId": "5c374dcd623a721814816c17", "unavailabilityStart": "22.07.2019 08:00", "unavailabilityEnd": "02.08.2019 19:00", "comments": "Outaged line due to maintenance work", "reason": "No reasons", "code": "No Affected Assets", "type": "No Affected Assets", "name": "No Affected Assets", "location": "No Affected Assets"}, {"status": "Active", "nature": "Planned", "inArea": "BZN|ES", "outArea": "BZN|FR", "newNTC": "2600 (VARY)", "detailId": "5c374de466a5b765afdf62cd", "unavailabilityStart": "22.07.2019 08:00", "unavailabilityEnd": "23.08.2019 19:00", "comments": "Outaged line due to maintenance work", "reason": "No reasons", "code": "No Affected Assets", "type": "No Affected Assets", "name": "No Affected Assets", "location": "No Affected Assets"}, {"status": "Active", "nature": "Planned", "inArea": "BZN|FR", "outArea": "BZN|ES", "newNTC": "1100 (VARY)", "detailId": "5c374de466a5b765afdf62d1", "unavailabilityStart": "22.07.2019 08:00", "unavailabilityEnd": "23.08.2019 19:00", "comments": "Outaged line due to maintenance work", "reason": "No reasons", "code": "No Affected Assets", "type": "No Affected Assets", "name": "No Affected Assets", "location": "No Affected Assets"}, {"status": "Active", "nature": "Planned", "inArea": "BZN|FR", "outArea": "BZN|ES", "newNTC": "1100 (VARY)", "detailId": "5c374df2e32fa63908a8bf29", "unavailabilityStart": "22.07.2019 08:00", "unavailabilityEnd": "02.08.2019 19:00", "comments": "Outaged line due to maintenance work", "reason": "No reasons", "code": "No Affected Assets", "type": "No Affected Assets", "name": "No Affected Assets", "location": "No Affected Assets"}, {"status": "Active", "nature": "Planned", "inArea": "BZN|ES", "outArea": "BZN|FR", "newNTC": "2600 (VARY)", "detailId": "5c374df23991bdd23b3bc8b9", "unavailabilityStart": "22.07.2019 08:00", "unavailabilityEnd": "02.08.2019 19:00", "comments": "Outaged line due to maintenance work", "reason": "No reasons", "code": "No Affected Assets", "type": "No Affected Assets", "name": "No Affected Assets", "location": "No Affected Assets"}, {"status": "Active", "nature": "Planned", "inArea": "BZN|ES", "outArea": "BZN|FR", "newNTC": "2600 (VARY)", "detailId": "5c374d41623a721814816a58", "unavailabilityStart": "05.08.2019 08:00", "unavailabilityEnd": "23.08.2019 19:00", "comments": "Outaged line due to maintenance work", "reason": "No reasons", "code": "No Affected Assets", "type": "No Affected Assets", "name": "No Affected Assets", "location": "No Affected Assets"}, {"status": "Active", "nature": "Planned", "inArea": "BZN|FR", "outArea": "BZN|ES", "newNTC": "1400 (VARY)", "detailId": "5c374d413991bdd23b3bc6bd", "unavailabilityStart": "05.08.2019 08:00", "unavailabilityEnd": "23.08.2019 19:00", "comments": "Outaged line due to maintenance work", "reason": "No reasons", "code": "No Affected Assets", "type": "No Affected Assets", "name": "No Affected Assets", "location": "No Affected Assets"}, {"status": "Active", "nature": "Planned", "inArea": "BZN|FR", "outArea": "BZN|CH", "newNTC": "0", "detailId": "5c38b1df623a7218148373d8", "unavailabilityStart": "06.08.2019 07:00", "unavailabilityEnd": "07.08.2019 17:00", "comments": "No comments", "reason": "Foreseen Maintenance", "code": "10T-CH-FR-00002W", "type": "AC Link", "name": "380 Bassecourt Sierentz", "location": "Bassecourt-Sierentz"}, {"status": "Active", "nature": "Planned", "inArea": "BZN|FR", "outArea": "BZN|CH", "newNTC": "0", "detailId": "5c38b1e866a5b765afe186f6", "unavailabilityStart": "06.08.2019 07:00", "unavailabilityEnd": "07.08.2019 17:00", "comments": "No comments", "reason": "Foreseen Maintenance", "code": "12T-0000000302-N", "type": "_BACU_T32-TF", "name": "380/220/50 kV Bassecourt Trafo 32", "location": "380/220/50 kV Bassecourt Trafo 32"}, {"status": "Active", "nature": "Planned", "inArea": "BZN|FR", "outArea": "BZN|CH", "newNTC": "0", "detailId": "5c38b1fe3991bdd23b3dbfce", "unavailabilityStart": "06.08.2019 07:00", "unavailabilityEnd": "07.08.2019 17:00", "comments": "No comments", "reason": "Foreseen Maintenance", "code": "12T-0000000233-D", "type": "AC Link", "name": "3BACU-LFBG-IL", "location": "380 kV Bassecourt-Laufenburg"}, {"status": "Active", "nature": "Planned", "inArea": "BZN|CH", "outArea": "BZN|FR", "newNTC": "-200", "detailId": "5c38b21a623a72181483743a", "unavailabilityStart": "06.08.2019 07:00", "unavailabilityEnd": "07.08.2019 17:00", "comments": "No comments", "reason": "Foreseen Maintenance", "code": "12T-0000000302-N", "type": "_BACU_T32-TF", "name": "380/220/50 kV Bassecourt Trafo 32", "location": "380/220/50 kV Bassecourt Trafo 32"}, {"status": "Active", "nature": "Planned", "inArea": "BZN|FR", "outArea": "BZN|CH", "newNTC": "0", "detailId": "5c38b2213991bdd23b3dc019", "unavailabilityStart": "06.08.2019 07:00", "unavailabilityEnd": "07.08.2019 17:00", "comments": "No comments", "reason": "Foreseen Maintenance", "code": "10T-CH-FR-00001Y", "type": "AC Link", "name": "380 Bassecourt Mambelin", "location": "Bassecourt-Mambelin"}, {"status": "Active", "nature": "Planned", "inArea": "BZN|CH", "outArea": "BZN|FR", "newNTC": "-200", "detailId": "5c38b2333991bdd23b3dc034", "unavailabilityStart": "06.08.2019 07:00", "unavailabilityEnd": "07.08.2019 17:00", "comments": "No comments", "reason": "Foreseen Maintenance", "code": "12T-0000000233-D", "type": "AC Link", "name": "3BACU-LFBG-IL", "location": "380 kV Bassecourt-Laufenburg"}, {"status": "Active", "nature": "Planned", "inArea": "BZN|CH", "outArea": "BZN|FR", "newNTC": "-100", "detailId": "5c38b23e3991bdd23b3dc03f", "unavailabilityStart": "06.08.2019 07:00", "unavailabilityEnd": "07.08.2019 17:00", "comments": "No comments", "reason": "Foreseen Maintenance", "code": "10T-CH-FR-00002W", "type": "AC Link", "name": "380 Bassecourt Sierentz", "location": "Bassecourt-Sierentz"}, {"status": "Active", "nature": "Planned", "inArea": "BZN|CH", "outArea": "BZN|FR", "newNTC": "-100", "detailId": "5c38b2713991bdd23b3dc05b", "unavailabilityStart": "06.08.2019 07:00", "unavailabilityEnd": "07.08.2019 17:00", "comments": "No comments", "reason": "Foreseen Maintenance", "code": "10T-CH-FR-00001Y", "type": "AC Link", "name": "380 Bassecourt Mambelin", "location": "Bassecourt-Mambelin"}, {"status": "Active", "nature": "Planned", "inArea": "BZN|CH", "outArea": "BZN|FR", "newNTC": "-200", "detailId": "5c38b51166a5b765afe18e14", "unavailabilityStart": "19.08.2019 07:00", "unavailabilityEnd": "27.09.2019 17:00", "comments": "No comments", "reason": "Foreseen Maintenance", "code": "10T-CH-FR-00005Q", "type": "AC Link", "name": "220 Riddes-Cornier (Morgins Sud)", "location": "Riddes-Cornier"}, {"status": "Active", "nature": "Planned", "inArea": "BZN|CH", "outArea": "BZN|FR", "newNTC": "-200", "detailId": "5c38b512e32fa63908ad9f2f", "unavailabilityStart": "19.08.2019 07:00", "unavailabilityEnd": "27.09.2019 17:00", "comments": "No comments", "reason": "Foreseen Maintenance", "code": "10T-CH-FR-00006O", "type": "AC Link", "name": "220 Saint Triphon-Cornier (Morgins Nord)", "location": "Saint Triphon-Cornier"}, {"status": "Active", "nature": "Planned", "inArea": "BZN|FR", "outArea": "BZN|CH", "newNTC": "0", "detailId": "5c38b520623a721814837ad9", "unavailabilityStart": "19.08.2019 07:00", "unavailabilityEnd": "27.09.2019 17:00", "comments": "No comments", "reason": "Foreseen Maintenance", "code": "10T-CH-FR-00005Q", "type": "AC Link", "name": "220 Riddes-Cornier (Morgins Sud)", "location": "Riddes-Cornier"}, {"status": "Active", "nature": "Planned", "inArea": "BZN|FR", "outArea": "BZN|CH", "newNTC": "0", "detailId": "5c38b56c3991bdd23b3dc56e", "unavailabilityStart": "19.08.2019 07:00", "unavailabilityEnd": "27.09.2019 17:00", "comments": "No comments", "reason": "Foreseen Maintenance", "code": "10T-CH-FR-00006O", "type": "AC Link", "name": "220 Saint Triphon-Cornier (Morgins Nord)", "location": "Saint Triphon-Cornier"}, {"status": "Active", "nature": "Planned", "inArea": "BZN|ES", "outArea": "BZN|FR", "newNTC": "2450 (VARY)", "detailId": "5c374dca623a721814816bf9", "unavailabilityStart": "28.08.2019 08:00", "unavailabilityEnd": "31.08.2019 23:00", "comments": "Outaged line due to maintenance work", "reason": "No reasons", "code": "No Affected Assets", "type": "No Affected Assets", "name": "No Affected Assets", "location": "No Affected Assets"}, {"status": "Active", "nature": "Planned", "inArea": "BZN|FR", "outArea": "BZN|ES", "newNTC": "1800 (VARY)", "detailId": "5c374dca623a721814816bfd", "unavailabilityStart": "28.08.2019 08:00", "unavailabilityEnd": "31.08.2019 23:00", "comments": "Outaged line due to maintenance work", "reason": "No reasons", "code": "No Affected Assets", "type": "No Affected Assets", "name": "No Affected Assets", "location": "No Affected Assets"}, {"status": "Active", "nature": "Planned", "inArea": "BZN|ES", "outArea": "BZN|FR", "newNTC": "2350", "detailId": "5c374d2166a5b765afdf6030", "unavailabilityStart": "29.08.2019 08:00", "unavailabilityEnd": "30.08.2019 19:00", "comments": "Outaged line due to maintenance work", "reason": "No reasons", "code": "No Affected Assets", "type": "No Affected Assets", "name": "No Affected Assets", "location": "No Affected Assets"}, {"status": "Active", "nature": "Planned", "inArea": "BZN|FR", "outArea": "BZN|ES", "newNTC": "1700 (VARY)", "detailId": "5c374d22e32fa63908a8ba6d", "unavailabilityStart": "29.08.2019 08:00", "unavailabilityEnd": "30.08.2019 19:00", "comments": "Outaged line due to maintenance work", "reason": "No reasons", "code": "No Affected Assets", "type": "No Affected Assets", "name": "No Affected Assets", "location": "No Affected Assets"}, {"status": "Active", "nature": "Planned", "inArea": "BZN|CH", "outArea": "BZN|FR", "newNTC": "-200", "detailId": "5c38a1f1e32fa63908ad491d", "unavailabilityStart": "02.09.2019 07:00", "unavailabilityEnd": "05.11.2019 17:00", "comments": "No comments", "reason": "Foreseen Maintenance", "code": "12T-0000000302-N", "type": "_BACU_T32-TF", "name": "380/220/50 kV Bassecourt Trafo 32", "location": "380/220/50 kV Bassecourt Trafo 32"}, {"status": "Active", "nature": "Planned", "inArea": "BZN|FR", "outArea": "BZN|CH", "newNTC": "0", "detailId": "5c38a214e32fa63908ad49e7", "unavailabilityStart": "02.09.2019 07:00", "unavailabilityEnd": "05.11.2019 17:00", "comments": "No comments", "reason": "Foreseen Maintenance", "code": "12T-0000000302-N", "type": "_BACU_T32-TF", "name": "380/220/50 kV Bassecourt Trafo 32", "location": "380/220/50 kV Bassecourt Trafo 32"}, {"status": "Active", "nature": "Planned", "inArea": "BZN|FR", "outArea": "BZN|ES", "newNTC": "1550 (VARY)", "detailId": "5c374de9e32fa63908a8beec", "unavailabilityStart": "02.09.2019 08:00", "unavailabilityEnd": "13.09.2019 19:00", "comments": "Outaged line due to maintenance work", "reason": "No reasons", "code": "No Affected Assets", "type": "No Affected Assets", "name": "No Affected Assets", "location": "No Affected Assets"}, {"status": "Active", "nature": "Planned", "inArea": "BZN|ES", "outArea": "BZN|FR", "newNTC": "2450 (VARY)", "detailId": "5c374de93991bdd23b3bc890", "unavailabilityStart": "02.09.2019 08:00", "unavailabilityEnd": "13.09.2019 19:00", "comments": "Outaged line due to maintenance work", "reason": "No reasons", "code": "No Affected Assets", "type": "No Affected Assets", "name": "No Affected Assets", "location": "No Affected Assets"}, {"status": "Active", "nature": "Planned", "inArea": "BZN|FR", "outArea": "BZN|CH", "newNTC": "0", "detailId": "5c38a22d623a721814835205", "unavailabilityStart": "03.09.2019 07:00", "unavailabilityEnd": "04.09.2019 17:00", "comments": "No comments", "reason": "Foreseen Maintenance", "code": "12T-0000000233-D", "type": "AC Link", "name": "3BACU-LFBG-IL", "location": "380 kV Bassecourt-Laufenburg"}, {"status": "Active", "nature": "Planned", "inArea": "BZN|CH", "outArea": "BZN|FR", "newNTC": "-200", "detailId": "5c38a258623a721814835257", "unavailabilityStart": "03.09.2019 07:00", "unavailabilityEnd": "04.09.2019 17:00", "comments": "No comments", "reason": "Foreseen Maintenance", "code": "12T-0000000233-D", "type": "AC Link", "name": "3BACU-LFBG-IL", "location": "380 kV Bassecourt-Laufenburg"}, {"status": "Active", "nature": "Planned", "inArea": "BZN|FR", "outArea": "BZN|CH", "newNTC": "0", "detailId": "5c38a4c43991bdd23b3da10f", "unavailabilityStart": "05.09.2019 07:00", "unavailabilityEnd": "06.09.2019 17:00", "comments": "No comments", "reason": "Foreseen Maintenance", "code": "10T-CH-FR-00002W", "type": "AC Link", "name": "380 Bassecourt Sierentz", "location": "Bassecourt-Sierentz"}, {"status": "Active", "nature": "Planned", "inArea": "BZN|FR", "outArea": "BZN|CH", "newNTC": "0", "detailId": "5c38a4c4e32fa63908ad5570", "unavailabilityStart": "05.09.2019 07:00", "unavailabilityEnd": "06.09.2019 17:00", "comments": "No comments", "reason": "Foreseen Maintenance", "code": "10T-CH-FR-00001Y", "type": "AC Link", "name": "380 Bassecourt Mambelin", "location": "Bassecourt-Mambelin"}, {"status": "Active", "nature": "Planned", "inArea": "BZN|CH", "outArea": "BZN|FR", "newNTC": "-100", "detailId": "5c38a4e1623a7218148355ec", "unavailabilityStart": "05.09.2019 07:00", "unavailabilityEnd": "06.09.2019 17:00", "comments": "No comments", "reason": "Foreseen Maintenance", "code": "10T-CH-FR-00002W", "type": "AC Link", "name": "380 Bassecourt Sierentz", "location": "Bassecourt-Sierentz"}, {"status": "Active", "nature": "Planned", "inArea": "BZN|CH", "outArea": "BZN|FR", "newNTC": "-100", "detailId": "5c38a4ff3991bdd23b3da142", "unavailabilityStart": "05.09.2019 07:00", "unavailabilityEnd": "06.09.2019 17:00", "comments": "No comments", "reason": "Foreseen Maintenance", "code": "10T-CH-FR-00001Y", "type": "AC Link", "name": "380 Bassecourt Mambelin", "location": "Bassecourt-Mambelin"}, {"status": "Active", "nature": "Planned", "inArea": "BZN|ES", "outArea": "BZN|FR", "newNTC": "2450 (VARY)", "detailId": "5c374d3de32fa63908a8bb35", "unavailabilityStart": "16.09.2019 08:00", "unavailabilityEnd": "13.10.2019 19:00", "comments": "Outaged line due to maintenance work", "reason": "No reasons", "code": "No Affected Assets", "type": "No Affected Assets", "name": "No Affected Assets", "location": "No Affected Assets"}, {"status": "Active", "nature": "Planned", "inArea": "BZN|FR", "outArea": "BZN|ES", "newNTC": "1300 (VARY)", "detailId": "5c374d3de32fa63908a8bb39", "unavailabilityStart": "16.09.2019 08:00", "unavailabilityEnd": "13.10.2019 19:00", "comments": "Outaged line due to maintenance work", "reason": "No reasons", "code": "No Affected Assets", "type": "No Affected Assets", "name": "No Affected Assets", "location": "No Affected Assets"}, {"status": "Active", "nature": "Planned", "inArea": "BZN|ES", "outArea": "BZN|FR", "newNTC": "2450 (VARY)", "detailId": "5c374deae32fa63908a8bef4", "unavailabilityStart": "16.09.2019 08:00", "unavailabilityEnd": "06.10.2019 19:00", "comments": "Outaged line due to maintenance work", "reason": "No reasons", "code": "No Affected Assets", "type": "No Affected Assets", "name": "No Affected Assets", "location": "No Affected Assets"}, {"status": "Active", "nature": "Planned", "inArea": "BZN|FR", "outArea": "BZN|ES", "newNTC": "1300 (VARY)", "detailId": "5c374deb66a5b765afdf62ec", "unavailabilityStart": "16.09.2019 08:00", "unavailabilityEnd": "06.10.2019 19:00", "comments": "Outaged line due to maintenance work", "reason": "No reasons", "code": "No Affected Assets", "type": "No Affected Assets", "name": "No Affected Assets", "location": "No Affected Assets"}, {"status": "Active", "nature": "Planned", "inArea": "BZN|FR", "outArea": "BZN|CH", "newNTC": "0", "detailId": "5c38c91ee32fa63908adea08", "unavailabilityStart": "30.09.2019 07:00", "unavailabilityEnd": "16.10.2019 17:00", "comments": "No comments", "reason": "Foreseen Maintenance", "code": "12T-0000000118-B", "type": "AC Link", "name": "2FRTL-VERB_2-IL", "location": "220 kV Foretaille-Verbois 2"}, {"status": "Active", "nature": "Planned", "inArea": "BZN|CH", "outArea": "BZN|FR", "newNTC": "-100", "detailId": "5c38c9623991bdd23b3de598", "unavailabilityStart": "30.09.2019 07:00", "unavailabilityEnd": "16.10.2019 17:00", "comments": "No comments", "reason": "Foreseen Maintenance", "code": "12T-0000000118-B", "type": "AC Link", "name": "2FRTL-VERB_2-IL", "location": "220 kV Foretaille-Verbois 2"}, {"status": "Active", "nature": "Planned", "inArea": "BZN|ES", "outArea": "BZN|FR", "newNTC": "2500", "detailId": "5c374d20e32fa63908a8ba65", "unavailabilityStart": "07.10.2019 08:00", "unavailabilityEnd": "11.10.2019 19:00", "comments": "Outaged line due to maintenance work", "reason": "No reasons", "code": "No Affected Assets", "type": "No Affected Assets", "name": "No Affected Assets", "location": "No Affected Assets"}, {"status": "Active", "nature": "Planned", "inArea": "BZN|FR", "outArea": "BZN|ES", "newNTC": "2450 (VARY)", "detailId": "5c374d203991bdd23b3bc638", "unavailabilityStart": "07.10.2019 08:00", "unavailabilityEnd": "11.10.2019 19:00", "comments": "Outaged line due to maintenance work", "reason": "No reasons", "code": "No Affected Assets", "type": "No Affected Assets", "name": "No Affected Assets", "location": "No Affected Assets"}, {"status": "Active", "nature": "Planned", "inArea": "BZN|ES", "outArea": "BZN|FR", "newNTC": "2500", "detailId": "5c374dea66a5b765afdf62e8", "unavailabilityStart": "08.10.2019 08:00", "unavailabilityEnd": "09.10.2019 19:00", "comments": "Outaged line due to maintenance work", "reason": "No reasons", "code": "No Affected Assets", "type": "No Affected Assets", "name": "No Affected Assets", "location": "No Affected Assets"}, {"status": "Active", "nature": "Planned", "inArea": "BZN|FR", "outArea": "BZN|ES", "newNTC": "1200 (VARY)", "detailId": "5c374debe32fa63908a8befd", "unavailabilityStart": "08.10.2019 08:00", "unavailabilityEnd": "09.10.2019 19:00", "comments": "Outaged line due to maintenance work", "reason": "No reasons", "code": "No Affected Assets", "type": "No Affected Assets", "name": "No Affected Assets", "location": "No Affected Assets"}, {"status": "Active", "nature": "Planned", "inArea": "BZN|FR", "outArea": "BZN|ES", "newNTC": "2700 (VARY)", "detailId": "5c374d553991bdd23b3bc6ea", "unavailabilityStart": "14.10.2019 08:00", "unavailabilityEnd": "25.10.2019 19:00", "comments": "Outaged line due to maintenance work", "reason": "No reasons", "code": "No Affected Assets", "type": "No Affected Assets", "name": "No Affected Assets", "location": "No Affected Assets"}, {"status": "Active", "nature": "Planned", "inArea": "BZN|ES", "outArea": "BZN|FR", "newNTC": "2550 (VARY)", "detailId": "5c374d55e32fa63908a8bb74", "unavailabilityStart": "14.10.2019 08:00", "unavailabilityEnd": "25.10.2019 19:00", "comments": "Outaged line due to maintenance work", "reason": "No reasons", "code": "No Affected Assets", "type": "No Affected Assets", "name": "No Affected Assets", "location": "No Affected Assets"}, {"status": "Active", "nature": "Planned", "inArea": "BZN|FR", "outArea": "BZN|ES", "newNTC": "2700 (VARY)", "detailId": "5c374dfc66a5b765afdf6325", "unavailabilityStart": "14.10.2019 08:00", "unavailabilityEnd": "31.10.2019 19:00", "comments": "Outaged line due to maintenance work", "reason": "No reasons", "code": "No Affected Assets", "type": "No Affected Assets", "name": "No Affected Assets", "location": "No Affected Assets"}, {"status": "Active", "nature": "Planned", "inArea": "BZN|ES", "outArea": "BZN|FR", "newNTC": "2550 (VARY)", "detailId": "5c374dfc66a5b765afdf6329", "unavailabilityStart": "14.10.2019 08:00", "unavailabilityEnd": "31.10.2019 19:00", "comments": "Outaged line due to maintenance work", "reason": "No reasons", "code": "No Affected Assets", "type": "No Affected Assets", "name": "No Affected Assets", "location": "No Affected Assets"}, {"status": "Active", "nature": "Planned", "inArea": "BZN|ES", "outArea": "BZN|FR", "newNTC": "1900 (VARY)", "detailId": "5c374d4e623a721814816a78", "unavailabilityStart": "21.10.2019 08:00", "unavailabilityEnd": "31.10.2019 23:00", "comments": "Outaged line due to maintenance work", "reason": "No reasons", "code": "No Affected Assets", "type": "No Affected Assets", "name": "No Affected Assets", "location": "No Affected Assets"}, {"status": "Active", "nature": "Planned", "inArea": "BZN|FR", "outArea": "BZN|ES", "newNTC": "1350 (VARY)", "detailId": "5c374d4ee32fa63908a8bb5e", "unavailabilityStart": "21.10.2019 08:00", "unavailabilityEnd": "31.10.2019 23:00", "comments": "Outaged line due to maintenance work", "reason": "No reasons", "code": "No Affected Assets", "type": "No Affected Assets", "name": "No Affected Assets", "location": "No Affected Assets"}, {"status": "Active", "nature": "Planned", "inArea": "BZN|ES", "outArea": "BZN|FR", "newNTC": "2250 (VARY)", "detailId": "5c374d51623a721814816a7e", "unavailabilityStart": "01.11.2019 00:00", "unavailabilityEnd": "08.11.2019 19:00", "comments": "Outaged line due to maintenance work", "reason": "No reasons", "code": "No Affected Assets", "type": "No Affected Assets", "name": "No Affected Assets", "location": "No Affected Assets"}, {"status": "Active", "nature": "Planned", "inArea": "BZN|FR", "outArea": "BZN|ES", "newNTC": "1400 (VARY)", "detailId": "5c374d513991bdd23b3bc6dc", "unavailabilityStart": "01.11.2019 00:00", "unavailabilityEnd": "08.11.2019 19:00", "comments": "Outaged line due to maintenance work", "reason": "No reasons", "code": "No Affected Assets", "type": "No Affected Assets", "name": "No Affected Assets", "location": "No Affected Assets"}, {"status": "Active", "nature": "Planned", "inArea": "BZN|FR", "outArea": "BZN|ES", "newNTC": "1100 (VARY)", "detailId": "5c374d3a623a721814816a4a", "unavailabilityStart": "04.11.2019 08:00", "unavailabilityEnd": "15.11.2019 19:00", "comments": "Outaged line due to maintenance work", "reason": "No reasons", "code": "No Affected Assets", "type": "No Affected Assets", "name": "No Affected Assets", "location": "No Affected Assets"}, {"status": "Active", "nature": "Planned", "inArea": "BZN|ES", "outArea": "BZN|FR", "newNTC": "2050 (VARY)", "detailId": "5c374d3a3991bdd23b3bc6af", "unavailabilityStart": "04.11.2019 08:00", "unavailabilityEnd": "15.11.2019 19:00", "comments": "Outaged line due to maintenance work", "reason": "No reasons", "code": "No Affected Assets", "type": "No Affected Assets", "name": "No Affected Assets", "location": "No Affected Assets"}, {"status": "Active", "nature": "Planned", "inArea": "BZN|ES", "outArea": "BZN|FR", "newNTC": "2050 (VARY)", "detailId": "5c374d543991bdd23b3bc6e1", "unavailabilityStart": "04.11.2019 08:00", "unavailabilityEnd": "08.11.2019 19:00", "comments": "Outaged line due to maintenance work", "reason": "No reasons", "code": "No Affected Assets", "type": "No Affected Assets", "name": "No Affected Assets", "location": "No Affected Assets"}, {"status": "Active", "nature": "Planned", "inArea": "BZN|FR", "outArea": "BZN|ES", "newNTC": "1100 (VARY)", "detailId": "5c374d54623a721814816a85", "unavailabilityStart": "04.11.2019 08:00", "unavailabilityEnd": "08.11.2019 19:00", "comments": "Outaged line due to maintenance work", "reason": "No reasons", "code": "No Affected Assets", "type": "No Affected Assets", "name": "No Affected Assets", "location": "No Affected Assets"}, {"status": "Active", "nature": "Planned", "inArea": "BZN|ES", "outArea": "BZN|FR", "newNTC": "2050 (VARY)", "detailId": "5c374dea3991bdd23b3bc894", "unavailabilityStart": "04.11.2019 08:00", "unavailabilityEnd": "06.12.2019 19:00", "comments": "Outaged line due to maintenance work", "reason": "No reasons", "code": "No Affected Assets", "type": "No Affected Assets", "name": "No Affected Assets", "location": "No Affected Assets"}, {"status": "Active", "nature": "Planned", "inArea": "BZN|FR", "outArea": "BZN|ES", "newNTC": "1100 (VARY)", "detailId": "5c374dea623a721814816c74", "unavailabilityStart": "04.11.2019 08:00", "unavailabilityEnd": "06.12.2019 19:00", "comments": "Outaged line due to maintenance work", "reason": "No reasons", "code": "No Affected Assets", "type": "No Affected Assets", "name": "No Affected Assets", "location": "No Affected Assets"}, {"status": "Active", "nature": "Planned", "inArea": "BZN|ES", "outArea": "BZN|FR", "newNTC": "2050 (VARY)", "detailId": "5c374e123991bdd23b3bc8e9", "unavailabilityStart": "04.11.2019 08:00", "unavailabilityEnd": "08.11.2019 19:00", "comments": "Outaged line due to maintenance work", "reason": "No reasons", "code": "No Affected Assets", "type": "No Affected Assets", "name": "No Affected Assets", "location": "No Affected Assets"}, {"status": "Active", "nature": "Planned", "inArea": "BZN|FR", "outArea": "BZN|ES", "newNTC": "1100 (VARY)", "detailId": "5c374e12623a721814816ce0", "unavailabilityStart": "04.11.2019 08:00", "unavailabilityEnd": "08.11.2019 19:00", "comments": "Outaged line due to maintenance work", "reason": "No reasons", "code": "No Affected Assets", "type": "No Affected Assets", "name": "No Affected Assets", "location": "No Affected Assets"}]}